Time, Status, Device_ID, Input_PPM, Output_PPM, Efficiency, Flow_Rate, Temp, Pressure, Energy_Cons, Runtime
2/25/2026, 10:54:33 AM,operating,ABS-03,145000,14500,90,2500.5,42.5,1.05,0.32,3600
2/25/2026, 10:54:33 AM,operating,ABS-03,142000,13800,90.3,2480.2,43.1,1.04,0.31,3601
2/25/2026, 10:54:33 AM,warning,ABS-03,155000,31000,80,2600,48.2,1.12,0.45,3602
2/25/2026, 10:54:33 AM,operating,ABS-03,145000,14500,90,2500.5,42.5,1.05,0.32,3600
2/25/2026, 10:54:33 AM,operating,ABS-03,142000,13800,90.3,2480.2,43.1,1.04,0.31,3601
2/25/2026, 10:54:33 AM,warning,ABS-03,155000,31000,80,2600,48.2,1.12,0.45,3602
2/25/2026, 10:54:33 AM,operating,ABS-03,145000,14500,90,2500.5,42.5,1.05,0.32,3600
2/25/2026, 10:54:34 AM,operating,ABS-03,142000,13800,90.3,2480.2,43.1,1.04,0.31,3601
2/25/2026, 10:54:34 AM,warning,ABS-03,155000,31000,80,2600,48.2,1.12,0.45,3602
2/25/2026, 10:54:34 AM,operating,ABS-03,145000,14500,90,2500.5,42.5,1.05,0.32,3600
2/25/2026, 10:54:34 AM,operating,ABS-03,142000,13800,90.3,2480.2,43.1,1.04,0.31,3601
2/25/2026, 10:54:34 AM,warning,ABS-03,155000,31000,80,2600,48.2,1.12,0.45,3602
2/25/2026, 10:54:34 AM,operating,ABS-03,145000,14500,90,2500.5,42.5,1.05,0.32,3600
2/25/2026, 10:54:34 AM,operating,ABS-03,142000,13800,90.3,2480.2,43.1,1.04,0.31,3601
2/25/2026, 10:54:34 AM,warning,ABS-03,155000,31000,80,2600,48.2,1.12,0.45,3602
2/25/2026, 10:54:34 AM,operating,ABS-03,145000,14500,90,2500.5,42.5,1.05,0.32,3600
2/25/2026, 10:54:34 AM,operating,ABS-03,142000,13800,90.3,2480.2,43.1,1.04,0.31,3601
2/25/2026, 10:54:35 AM,warning,ABS-03,155000,31000,80,2600,48.2,1.12,0.45,3602
2/25/2026, 10:54:35 AM,operating,ABS-03,145000,14500,90,2500.5,42.5,1.05,0.32,3600
2/25/2026, 10:54:35 AM,operating,ABS-03,142000,13800,90.3,2480.2,43.1,1.04,0.31,3601
2/25/2026, 10:54:35 AM,warning,ABS-03,155000,31000,80,2600,48.2,1.12,0.45,3602
2/25/2026, 10:54:35 AM,operating,ABS-03,145000,14500,90,2500.5,42.5,1.05,0.32,3600
2/25/2026, 10:54:35 AM,operating,ABS-03,142000,13800,90.3,2480.2,43.1,1.04,0.31,3601
2/25/2026, 10:54:35 AM,warning,ABS-03,155000,31000,80,2600,48.2,1.12,0.45,3602
2/25/2026, 10:54:35 AM,operating,ABS-03,145000,14500,90,2500.5,42.5,1.05,0.32,3600
2/25/2026, 10:54:35 AM,operating,ABS-03,142000,13800,90.3,2480.2,43.1,1.04,0.31,3601
2/25/2026, 10:54:35 AM,warning,ABS-03,155000,31000,80,2600,48.2,1.12,0.45,3602
2/25/2026, 10:54:36 AM,operating,ABS-03,145000,14500,90,2500.5,42.5,1.05,0.32,3600
2/25/2026, 10:54:36 AM,operating,ABS-03,142000,13800,90.3,2480.2,43.1,1.04,0.31,3601
2/25/2026, 10:54:36 AM,warning,ABS-03,155000,31000,80,2600,48.2,1.12,0.45,3602
2/25/2026, 10:54:36 AM,operating,ABS-03,145000,14500,90,2500.5,42.5,1.05,0.32,3600
2/25/2026, 10:54:36 AM,operating,ABS-03,142000,13800,90.3,2480.2,43.1,1.04,0.31,3601
2/25/2026, 10:54:36 AM,warning,ABS-03,155000,31000,80,2600,48.2,1.12,0.45,3602
2/25/2026, 10:54:36 AM,operating,ABS-03,145000,14500,90,2500.5,42.5,1.05,0.32,3600
2/25/2026, 10:54:36 AM,operating,ABS-03,142000,13800,90.3,2480.2,43.1,1.04,0.31,3601
2/25/2026, 10:54:36 AM,warning,ABS-03,155000,31000,80,2600,48.2,1.12,0.45,3602
2/25/2026, 10:54:36 AM,operating,ABS-03,145000,14500,90,2500.5,42.5,1.05,0.32,3600
2/25/2026, 10:54:37 AM,operating,ABS-03,142000,13800,90.3,2480.2,43.1,1.04,0.31,3601
2/25/2026, 10:54:37 AM,warning,ABS-03,155000,31000,80,2600,48.2,1.12,0.45,3602
2/25/2026, 10:54:37 AM,operating,ABS-03,145000,14500,90,2500.5,42.5,1.05,0.32,3600
2/25/2026, 10:54:37 AM,operating,ABS-03,142000,13800,90.3,2480.2,43.1,1.04,0.31,3601
2/25/2026, 10:54:37 AM,warning,ABS-03,155000,31000,80,2600,48.2,1.12,0.45,3602
2/25/2026, 10:54:37 AM,operating,ABS-03,145000,14500,90,2500.5,42.5,1.05,0.32,3600
2/25/2026, 10:54:37 AM,operating,ABS-03,142000,13800,90.3,2480.2,43.1,1.04,0.31,3601
2/25/2026, 10:54:37 AM,warning,ABS-03,155000,31000,80,2600,48.2,1.12,0.45,3602
2/25/2026, 10:54:37 AM,operating,ABS-03,145000,14500,90,2500.5,42.5,1.05,0.32,3600
2/25/2026, 10:54:37 AM,operating,ABS-03,142000,13800,90.3,2480.2,43.1,1.04,0.31,3601
2/25/2026, 10:54:38 AM,warning,ABS-03,155000,31000,80,2600,48.2,1.12,0.45,3602
2/25/2026, 10:54:38 AM,operating,ABS-03,145000,14500,90,2500.5,42.5,1.05,0.32,3600
2/25/2026, 10:54:38 AM,operating,ABS-03,142000,13800,90.3,2480.2,43.1,1.04,0.31,3601
2/25/2026, 10:54:38 AM,warning,ABS-03,155000,31000,80,2600,48.2,1.12,0.45,3602
2/25/2026, 10:54:38 AM,operating,ABS-03,145000,14500,90,2500.5,42.5,1.05,0.32,3600
2/25/2026, 10:54:38 AM,operating,ABS-03,142000,13800,90.3,2480.2,43.1,1.04,0.31,3601
2/25/2026, 10:54:38 AM,warning,ABS-03,155000,31000,80,2600,48.2,1.12,0.45,3602
2/25/2026, 10:54:38 AM,operating,ABS-03,145000,14500,90,2500.5,42.5,1.05,0.32,3600
2/25/2026, 10:54:38 AM,operating,ABS-03,142000,13800,90.3,2480.2,43.1,1.04,0.31,3601
2/25/2026, 10:54:38 AM,warning,ABS-03,155000,31000,80,2600,48.2,1.12,0.45,3602
2/25/2026, 10:54:39 AM,operating,ABS-03,145000,14500,90,2500.5,42.5,1.05,0.32,3600
2/25/2026, 10:54:39 AM,operating,ABS-03,142000,13800,90.3,2480.2,43.1,1.04,0.31,3601
2/25/2026, 10:54:39 AM,warning,ABS-03,155000,31000,80,2600,48.2,1.12,0.45,3602
2/25/2026, 10:54:39 AM,operating,ABS-03,145000,14500,90,2500.5,42.5,1.05,0.32,3600
2/25/2026, 10:54:39 AM,operating,ABS-03,142000,13800,90.3,2480.2,43.1,1.04,0.31,3601
2/25/2026, 10:54:39 AM,warning,ABS-03,155000,31000,80,2600,48.2,1.12,0.45,3602
2/25/2026, 10:54:39 AM,operating,ABS-03,145000,14500,90,2500.5,42.5,1.05,0.32,3600
2/25/2026, 10:54:39 AM,operating,ABS-03,142000,13800,90.3,2480.2,43.1,1.04,0.31,3601
2/25/2026, 10:54:39 AM,warning,ABS-03,155000,31000,80,2600,48.2,1.12,0.45,3602
2/25/2026, 10:54:39 AM,operating,ABS-03,145000,14500,90,2500.5,42.5,1.05,0.32,3600
2/25/2026, 10:54:40 AM,operating,ABS-03,142000,13800,90.3,2480.2,43.1,1.04,0.31,3601
2/25/2026, 10:54:40 AM,warning,ABS-03,155000,31000,80,2600,48.2,1.12,0.45,3602
2/25/2026, 10:54:40 AM,operating,ABS-03,145000,14500,90,2500.5,42.5,1.05,0.32,3600
2/25/2026, 10:54:40 AM,operating,ABS-03,142000,13800,90.3,2480.2,43.1,1.04,0.31,3601
2/25/2026, 10:54:40 AM,warning,ABS-03,155000,31000,80,2600,48.2,1.12,0.45,3602
2/25/2026, 10:54:40 AM,operating,ABS-03,145000,14500,90,2500.5,42.5,1.05,0.32,3600
2/25/2026, 10:54:40 AM,operating,ABS-03,142000,13800,90.3,2480.2,43.1,1.04,0.31,3601
2/25/2026, 10:54:40 AM,warning,ABS-03,155000,31000,80,2600,48.2,1.12,0.45,3602
2/25/2026, 10:54:40 AM,operating,ABS-03,145000,14500,90,2500.5,42.5,1.05,0.32,3600
2/25/2026, 10:54:41 AM,operating,ABS-03,142000,13800,90.3,2480.2,43.1,1.04,0.31,3601
2/25/2026, 10:54:41 AM,warning,ABS-03,155000,31000,80,2600,48.2,1.12,0.45,3602
2/25/2026, 10:54:41 AM,operating,ABS-03,145000,14500,90,2500.5,42.5,1.05,0.32,3600
2/25/2026, 10:54:41 AM,operating,ABS-03,142000,13800,90.3,2480.2,43.1,1.04,0.31,3601
2/25/2026, 10:54:41 AM,warning,ABS-03,155000,31000,80,2600,48.2,1.12,0.45,3602
2/25/2026, 10:54:41 AM,operating,ABS-03,145000,14500,90,2500.5,42.5,1.05,0.32,3600
2/25/2026, 10:54:41 AM,operating,ABS-03,142000,13800,90.3,2480.2,43.1,1.04,0.31,3601
2/25/2026, 10:54:41 AM,warning,ABS-03,155000,31000,80,2600,48.2,1.12,0.45,3602
2/25/2026, 10:54:41 AM,operating,ABS-03,145000,14500,90,2500.5,42.5,1.05,0.32,3600
2/25/2026, 10:54:41 AM,operating,ABS-03,142000,13800,90.3,2480.2,43.1,1.04,0.31,3601
2/25/2026, 10:54:42 AM,warning,ABS-03,155000,31000,80,2600,48.2,1.12,0.45,3602
2/25/2026, 10:54:42 AM,operating,ABS-03,145000,14500,90,2500.5,42.5,1.05,0.32,3600
2/25/2026, 10:54:42 AM,operating,ABS-03,142000,13800,90.3,2480.2,43.1,1.04,0.31,3601
2/25/2026, 10:54:42 AM,warning,ABS-03,155000,31000,80,2600,48.2,1.12,0.45,3602
2/25/2026, 10:54:42 AM,operating,ABS-03,145000,14500,90,2500.5,42.5,1.05,0.32,3600
2/25/2026, 10:54:42 AM,operating,ABS-03,142000,13800,90.3,2480.2,43.1,1.04,0.31,3601
2/25/2026, 10:54:42 AM,warning,ABS-03,155000,31000,80,2600,48.2,1.12,0.45,3602
2/25/2026, 10:54:42 AM,operating,ABS-03,145000,14500,90,2500.5,42.5,1.05,0.32,3600
2/25/2026, 10:54:42 AM,operating,ABS-03,142000,13800,90.3,2480.2,43.1,1.04,0.31,3601
2/25/2026, 10:54:42 AM,warning,ABS-03,155000,31000,80,2600,48.2,1.12,0.45,3602
2/25/2026, 10:54:43 AM,operating,ABS-03,145000,14500,90,2500.5,42.5,1.05,0.32,3600
2/25/2026, 10:54:43 AM,operating,ABS-03,142000,13800,90.3,2480.2,43.1,1.04,0.31,3601
2/25/2026, 10:54:43 AM,warning,ABS-03,155000,31000,80,2600,48.2,1.12,0.45,3602
2/25/2026, 10:54:43 AM,operating,ABS-03,145000,14500,90,2500.5,42.5,1.05,0.32,3600
2/25/2026, 10:54:43 AM,operating,ABS-03,142000,13800,90.3,2480.2,43.1,1.04,0.31,3601
2/25/2026, 10:54:43 AM,warning,ABS-03,155000,31000,80,2600,48.2,1.12,0.45,3602
2/25/2026, 10:54:43 AM,operating,ABS-03,145000,14500,90,2500.5,42.5,1.05,0.32,3600
2/25/2026, 10:54:43 AM,operating,ABS-03,142000,13800,90.3,2480.2,43.1,1.04,0.31,3601
2/25/2026, 10:54:43 AM,warning,ABS-03,155000,31000,80,2600,48.2,1.12,0.45,3602
2/25/2026, 10:54:43 AM,operating,ABS-03,145000,14500,90,2500.5,42.5,1.05,0.32,3600
2/25/2026, 10:54:44 AM,operating,ABS-03,142000,13800,90.3,2480.2,43.1,1.04,0.31,3601
2/25/2026, 10:54:44 AM,warning,ABS-03,155000,31000,80,2600,48.2,1.12,0.45,3602
2/25/2026, 10:54:44 AM,operating,ABS-03,145000,14500,90,2500.5,42.5,1.05,0.32,3600
2/25/2026, 10:54:44 AM,operating,ABS-03,142000,13800,90.3,2480.2,43.1,1.04,0.31,3601
2/25/2026, 10:54:44 AM,warning,ABS-03,155000,31000,80,2600,48.2,1.12,0.45,3602
2/25/2026, 10:54:44 AM,operating,ABS-03,145000,14500,90,2500.5,42.5,1.05,0.32,3600
2/25/2026, 10:54:44 AM,operating,ABS-03,142000,13800,90.3,2480.2,43.1,1.04,0.31,3601
2/25/2026, 10:54:44 AM,warning,ABS-03,155000,31000,80,2600,48.2,1.12,0.45,3602
2/25/2026, 10:54:44 AM,operating,ABS-03,145000,14500,90,2500.5,42.5,1.05,0.32,3600
2/25/2026, 10:54:44 AM,operating,ABS-03,142000,13800,90.3,2480.2,43.1,1.04,0.31,3601
2/25/2026, 10:54:45 AM,warning,ABS-03,155000,31000,80,2600,48.2,1.12,0.45,3602
2/25/2026, 10:54:45 AM,operating,ABS-03,145000,14500,90,2500.5,42.5,1.05,0.32,3600
2/25/2026, 10:54:45 AM,operating,ABS-03,142000,13800,90.3,2480.2,43.1,1.04,0.31,3601
2/25/2026, 10:54:45 AM,warning,ABS-03,155000,31000,80,2600,48.2,1.12,0.45,3602
2/25/2026, 10:54:45 AM,operating,ABS-03,145000,14500,90,2500.5,42.5,1.05,0.32,3600
2/25/2026, 10:54:45 AM,operating,ABS-03,142000,13800,90.3,2480.2,43.1,1.04,0.31,3601
2/25/2026, 10:54:45 AM,warning,ABS-03,155000,31000,80,2600,48.2,1.12,0.45,3602
2/25/2026, 10:54:45 AM,operating,ABS-03,145000,14500,90,2500.5,42.5,1.05,0.32,3600
2/25/2026, 10:54:45 AM,operating,ABS-03,142000,13800,90.3,2480.2,43.1,1.04,0.31,3601
2/25/2026, 10:54:45 AM,warning,ABS-03,155000,31000,80,2600,48.2,1.12,0.45,3602
2/25/2026, 10:54:46 AM,operating,ABS-03,145000,14500,90,2500.5,42.5,1.05,0.32,3600
2/25/2026, 10:54:46 AM,operating,ABS-03,142000,13800,90.3,2480.2,43.1,1.04,0.31,3601
2/25/2026, 10:54:46 AM,warning,ABS-03,155000,31000,80,2600,48.2,1.12,0.45,3602
2/25/2026, 10:54:46 AM,operating,ABS-03,145000,14500,90,2500.5,42.5,1.05,0.32,3600
2/25/2026, 10:54:46 AM,operating,ABS-03,142000,13800,90.3,2480.2,43.1,1.04,0.31,3601
2/25/2026, 10:54:46 AM,warning,ABS-03,155000,31000,80,2600,48.2,1.12,0.45,3602
2/25/2026, 10:54:46 AM,operating,ABS-03,145000,14500,90,2500.5,42.5,1.05,0.32,3600
2/25/2026, 10:54:46 AM,operating,ABS-03,142000,13800,90.3,2480.2,43.1,1.04,0.31,3601
2/25/2026, 10:54:46 AM,warning,ABS-03,155000,31000,80,2600,48.2,1.12,0.45,3602
2/25/2026, 10:54:46 AM,operating,ABS-03,145000,14500,90,2500.5,42.5,1.05,0.32,3600
2/25/2026, 10:54:47 AM,operating,ABS-03,142000,13800,90.3,2480.2,43.1,1.04,0.31,3601
2/25/2026, 10:54:47 AM,warning,ABS-03,155000,31000,80,2600,48.2,1.12,0.45,3602
2/25/2026, 10:54:47 AM,operating,ABS-03,145000,14500,90,2500.5,42.5,1.05,0.32,3600
2/25/2026, 10:54:47 AM,operating,ABS-03,142000,13800,90.3,2480.2,43.1,1.04,0.31,3601
2/25/2026, 10:54:47 AM,warning,ABS-03,155000,31000,80,2600,48.2,1.12,0.45,3602
2/25/2026, 10:54:47 AM,operating,ABS-03,145000,14500,90,2500.5,42.5,1.05,0.32,3600
2/25/2026, 10:54:47 AM,operating,ABS-03,142000,13800,90.3,2480.2,43.1,1.04,0.31,3601
2/25/2026, 10:54:47 AM,warning,ABS-03,155000,31000,80,2600,48.2,1.12,0.45,3602
2/25/2026, 10:54:47 AM,operating,ABS-03,145000,14500,90,2500.5,42.5,1.05,0.32,3600
2/25/2026, 10:54:47 AM,operating,ABS-03,142000,13800,90.3,2480.2,43.1,1.04,0.31,3601
2/25/2026, 10:54:48 AM,warning,ABS-03,155000,31000,80,2600,48.2,1.12,0.45,3602
2/25/2026, 10:54:48 AM,operating,ABS-03,145000,14500,90,2500.5,42.5,1.05,0.32,3600
2/25/2026, 10:54:48 AM,operating,ABS-03,142000,13800,90.3,2480.2,43.1,1.04,0.31,3601
2/25/2026, 10:54:48 AM,warning,ABS-03,155000,31000,80,2600,48.2,1.12,0.45,3602
2/25/2026, 10:54:48 AM,operating,ABS-03,145000,14500,90,2500.5,42.5,1.05,0.32,3600
2/25/2026, 10:54:48 AM,operating,ABS-03,142000,13800,90.3,2480.2,43.1,1.04,0.31,3601
2/25/2026, 10:54:48 AM,warning,ABS-03,155000,31000,80,2600,48.2,1.12,0.45,3602
2/25/2026, 10:54:48 AM,operating,ABS-03,145000,14500,90,2500.5,42.5,1.05,0.32,3600
2/25/2026, 10:54:48 AM,operating,ABS-03,142000,13800,90.3,2480.2,43.1,1.04,0.31,3601
2/25/2026, 10:54:48 AM,warning,ABS-03,155000,31000,80,2600,48.2,1.12,0.45,3602
2/25/2026, 10:54:49 AM,operating,ABS-03,145000,14500,90,2500.5,42.5,1.05,0.32,3600
2/25/2026, 10:54:49 AM,operating,ABS-03,142000,13800,90.3,2480.2,43.1,1.04,0.31,3601
2/25/2026, 10:54:49 AM,warning,ABS-03,155000,31000,80,2600,48.2,1.12,0.45,3602
2/25/2026, 10:54:49 AM,operating,ABS-03,145000,14500,90,2500.5,42.5,1.05,0.32,3600
2/25/2026, 10:54:49 AM,operating,ABS-03,142000,13800,90.3,2480.2,43.1,1.04,0.31,3601
2/25/2026, 10:54:49 AM,warning,ABS-03,155000,31000,80,2600,48.2,1.12,0.45,3602
2/25/2026, 10:54:49 AM,operating,ABS-03,145000,14500,90,2500.5,42.5,1.05,0.32,3600
2/25/2026, 10:54:49 AM,operating,ABS-03,142000,13800,90.3,2480.2,43.1,1.04,0.31,3601
2/25/2026, 10:54:49 AM,warning,ABS-03,155000,31000,80,2600,48.2,1.12,0.45,3602
2/25/2026, 10:54:49 AM,operating,ABS-03,145000,14500,90,2500.5,42.5,1.05,0.32,3600
2/25/2026, 10:54:50 AM,operating,ABS-03,142000,13800,90.3,2480.2,43.1,1.04,0.31,3601
2/25/2026, 10:54:50 AM,warning,ABS-03,155000,31000,80,2600,48.2,1.12,0.45,3602
2/25/2026, 10:54:50 AM,operating,ABS-03,145000,14500,90,2500.5,42.5,1.05,0.32,3600
2/25/2026, 10:54:50 AM,operating,ABS-03,142000,13800,90.3,2480.2,43.1,1.04,0.31,3601
2/25/2026, 10:54:50 AM,warning,ABS-03,155000,31000,80,2600,48.2,1.12,0.45,3602
2/25/2026, 10:54:50 AM,operating,ABS-03,145000,14500,90,2500.5,42.5,1.05,0.32,3600
2/25/2026, 10:54:50 AM,operating,ABS-03,142000,13800,90.3,2480.2,43.1,1.04,0.31,3601
2/25/2026, 10:54:50 AM,warning,ABS-03,155000,31000,80,2600,48.2,1.12,0.45,3602
2/25/2026, 10:54:50 AM,operating,ABS-03,145000,14500,90,2500.5,42.5,1.05,0.32,3600
2/25/2026, 10:54:51 AM,operating,ABS-03,142000,13800,90.3,2480.2,43.1,1.04,0.31,3601
2/25/2026, 10:54:51 AM,warning,ABS-03,155000,31000,80,2600,48.2,1.12,0.45,3602
2/25/2026, 10:54:51 AM,operating,ABS-03,145000,14500,90,2500.5,42.5,1.05,0.32,3600
2/25/2026, 10:54:51 AM,operating,ABS-03,142000,13800,90.3,2480.2,43.1,1.04,0.31,3601
2/25/2026, 10:54:51 AM,warning,ABS-03,155000,31000,80,2600,48.2,1.12,0.45,3602
2/25/2026, 10:54:51 AM,operating,ABS-03,145000,14500,90,2500.5,42.5,1.05,0.32,3600
2/25/2026, 10:54:51 AM,operating,ABS-03,142000,13800,90.3,2480.2,43.1,1.04,0.31,3601
2/25/2026, 10:54:51 AM,warning,ABS-03,155000,31000,80,2600,48.2,1.12,0.45,3602
2/25/2026, 10:54:51 AM,operating,ABS-03,145000,14500,90,2500.5,42.5,1.05,0.32,3600
2/25/2026, 10:54:51 AM,operating,ABS-03,142000,13800,90.3,2480.2,43.1,1.04,0.31,3601
2/25/2026, 10:54:52 AM,warning,ABS-03,155000,31000,80,2600,48.2,1.12,0.45,3602
2/25/2026, 10:54:52 AM,operating,ABS-03,145000,14500,90,2500.5,42.5,1.05,0.32,3600
2/25/2026, 10:54:52 AM,operating,ABS-03,142000,13800,90.3,2480.2,43.1,1.04,0.31,3601
2/25/2026, 10:54:52 AM,warning,ABS-03,155000,31000,80,2600,48.2,1.12,0.45,3602
2/25/2026, 10:54:52 AM,operating,ABS-03,145000,14500,90,2500.5,42.5,1.05,0.32,3600
2/25/2026, 10:54:52 AM,operating,ABS-03,142000,13800,90.3,2480.2,43.1,1.04,0.31,3601
2/25/2026, 10:54:52 AM,warning,ABS-03,155000,31000,80,2600,48.2,1.12,0.45,3602
2/25/2026, 10:54:52 AM,operating,ABS-03,145000,14500,90,2500.5,42.5,1.05,0.32,3600
2/25/2026, 10:54:52 AM,operating,ABS-03,142000,13800,90.3,2480.2,43.1,1.04,0.31,3601
2/25/2026, 10:54:52 AM,warning,ABS-03,155000,31000,80,2600,48.2,1.12,0.45,3602
2/25/2026, 10:54:53 AM,operating,ABS-03,145000,14500,90,2500.5,42.5,1.05,0.32,3600
2/25/2026, 10:54:53 AM,operating,ABS-03,142000,13800,90.3,2480.2,43.1,1.04,0.31,3601
2/25/2026, 10:54:53 AM,warning,ABS-03,155000,31000,80,2600,48.2,1.12,0.45,3602
2/25/2026, 10:54:53 AM,operating,ABS-03,145000,14500,90,2500.5,42.5,1.05,0.32,3600
2/25/2026, 10:54:53 AM,operating,ABS-03,142000,13800,90.3,2480.2,43.1,1.04,0.31,3601
2/25/2026, 10:54:53 AM,warning,ABS-03,155000,31000,80,2600,48.2,1.12,0.45,3602
2/25/2026, 10:54:53 AM,operating,ABS-03,145000,14500,90,2500.5,42.5,1.05,0.32,3600
2/25/2026, 10:54:53 AM,operating,ABS-03,142000,13800,90.3,2480.2,43.1,1.04,0.31,3601
2/25/2026, 10:54:53 AM,warning,ABS-03,155000,31000,80,2600,48.2,1.12,0.45,3602
2/25/2026, 10:54:53 AM,operating,ABS-03,145000,14500,90,2500.5,42.5,1.05,0.32,3600
2/25/2026, 10:54:54 AM,operating,ABS-03,142000,13800,90.3,2480.2,43.1,1.04,0.31,3601
2/25/2026, 10:54:54 AM,warning,ABS-03,155000,31000,80,2600,48.2,1.12,0.45,3602
2/25/2026, 10:54:54 AM,operating,ABS-03,145000,14500,90,2500.5,42.5,1.05,0.32,3600
2/25/2026, 10:54:54 AM,operating,ABS-03,142000,13800,90.3,2480.2,43.1,1.04,0.31,3601
2/25/2026, 10:54:54 AM,warning,ABS-03,155000,31000,80,2600,48.2,1.12,0.45,3602
2/25/2026, 10:54:54 AM,operating,ABS-03,145000,14500,90,2500.5,42.5,1.05,0.32,3600
2/25/2026, 10:54:54 AM,operating,ABS-03,142000,13800,90.3,2480.2,43.1,1.04,0.31,3601
2/25/2026, 10:54:54 AM,warning,ABS-03,155000,31000,80,2600,48.2,1.12,0.45,3602
2/25/2026, 10:54:54 AM,operating,ABS-03,145000,14500,90,2500.5,42.5,1.05,0.32,3600
2/25/2026, 10:54:54 AM,operating,ABS-03,142000,13800,90.3,2480.2,43.1,1.04,0.31,3601
2/25/2026, 10:54:55 AM,warning,ABS-03,155000,31000,80,2600,48.2,1.12,0.45,3602
2/25/2026, 10:54:55 AM,operating,ABS-03,145000,14500,90,2500.5,42.5,1.05,0.32,3600
2/25/2026, 10:54:55 AM,operating,ABS-03,142000,13800,90.3,2480.2,43.1,1.04,0.31,3601
2/25/2026, 10:54:55 AM,warning,ABS-03,155000,31000,80,2600,48.2,1.12,0.45,3602
2/25/2026, 10:54:55 AM,operating,ABS-03,145000,14500,90,2500.5,42.5,1.05,0.32,3600
2/25/2026, 10:54:55 AM,operating,ABS-03,142000,13800,90.3,2480.2,43.1,1.04,0.31,3601
2/25/2026, 10:54:55 AM,warning,ABS-03,155000,31000,80,2600,48.2,1.12,0.45,3602
2/25/2026, 10:54:55 AM,operating,ABS-03,145000,14500,90,2500.5,42.5,1.05,0.32,3600
2/25/2026, 10:54:55 AM,operating,ABS-03,142000,13800,90.3,2480.2,43.1,1.04,0.31,3601
2/25/2026, 10:54:55 AM,warning,ABS-03,155000,31000,80,2600,48.2,1.12,0.45,3602
2/25/2026, 10:54:56 AM,operating,ABS-03,145000,14500,90,2500.5,42.5,1.05,0.32,3600
2/25/2026, 10:54:56 AM,operating,ABS-03,142000,13800,90.3,2480.2,43.1,1.04,0.31,3601
2/25/2026, 10:54:56 AM,warning,ABS-03,155000,31000,80,2600,48.2,1.12,0.45,3602
2/25/2026, 10:54:56 AM,operating,ABS-03,145000,14500,90,2500.5,42.5,1.05,0.32,3600
2/25/2026, 10:54:56 AM,operating,ABS-03,142000,13800,90.3,2480.2,43.1,1.04,0.31,3601
2/25/2026, 10:54:56 AM,warning,ABS-03,155000,31000,80,2600,48.2,1.12,0.45,3602
2/25/2026, 10:54:56 AM,operating,ABS-03,145000,14500,90,2500.5,42.5,1.05,0.32,3600
2/25/2026, 10:54:56 AM,operating,ABS-03,142000,13800,90.3,2480.2,43.1,1.04,0.31,3601
2/25/2026, 10:54:56 AM,warning,ABS-03,155000,31000,80,2600,48.2,1.12,0.45,3602
2/25/2026, 10:54:56 AM,operating,ABS-03,145000,14500,90,2500.5,42.5,1.05,0.32,3600
2/25/2026, 10:54:57 AM,operating,ABS-03,142000,13800,90.3,2480.2,43.1,1.04,0.31,3601
2/25/2026, 10:54:57 AM,warning,ABS-03,155000,31000,80,2600,48.2,1.12,0.45,3602
2/25/2026, 10:54:57 AM,operating,ABS-03,145000,14500,90,2500.5,42.5,1.05,0.32,3600
2/25/2026, 10:54:57 AM,operating,ABS-03,142000,13800,90.3,2480.2,43.1,1.04,0.31,3601
2/25/2026, 10:54:57 AM,warning,ABS-03,155000,31000,80,2600,48.2,1.12,0.45,3602
2/25/2026, 10:54:57 AM,operating,ABS-03,145000,14500,90,2500.5,42.5,1.05,0.32,3600
2/25/2026, 10:54:57 AM,operating,ABS-03,142000,13800,90.3,2480.2,43.1,1.04,0.31,3601
2/25/2026, 10:54:57 AM,warning,ABS-03,155000,31000,80,2600,48.2,1.12,0.45,3602
2/25/2026, 10:54:57 AM,operating,ABS-03,145000,14500,90,2500.5,42.5,1.05,0.32,3600
2/25/2026, 10:54:57 AM,operating,ABS-03,142000,13800,90.3,2480.2,43.1,1.04,0.31,3601
2/25/2026, 10:54:58 AM,warning,ABS-03,155000,31000,80,2600,48.2,1.12,0.45,3602
2/25/2026, 10:54:58 AM,operating,ABS-03,145000,14500,90,2500.5,42.5,1.05,0.32,3600
2/25/2026, 10:54:58 AM,operating,ABS-03,142000,13800,90.3,2480.2,43.1,1.04,0.31,3601
2/25/2026, 10:54:58 AM,warning,ABS-03,155000,31000,80,2600,48.2,1.12,0.45,3602
2/25/2026, 10:54:58 AM,operating,ABS-03,145000,14500,90,2500.5,42.5,1.05,0.32,3600
2/25/2026, 10:54:58 AM,operating,ABS-03,142000,13800,90.3,2480.2,43.1,1.04,0.31,3601
2/25/2026, 10:54:58 AM,warning,ABS-03,155000,31000,80,2600,48.2,1.12,0.45,3602
2/25/2026, 10:54:58 AM,operating,ABS-03,145000,14500,90,2500.5,42.5,1.05,0.32,3600
2/25/2026, 10:54:58 AM,operating,ABS-03,142000,13800,90.3,2480.2,43.1,1.04,0.31,3601
2/25/2026, 10:54:58 AM,warning,ABS-03,155000,31000,80,2600,48.2,1.12,0.45,3602
2/25/2026, 10:54:59 AM,operating,ABS-03,145000,14500,90,2500.5,42.5,1.05,0.32,3600
2/25/2026, 10:54:59 AM,operating,ABS-03,142000,13800,90.3,2480.2,43.1,1.04,0.31,3601
2/25/2026, 10:54:59 AM,warning,ABS-03,155000,31000,80,2600,48.2,1.12,0.45,3602
2/25/2026, 10:54:59 AM,operating,ABS-03,145000,14500,90,2500.5,42.5,1.05,0.32,3600
2/25/2026, 10:54:59 AM,operating,ABS-03,142000,13800,90.3,2480.2,43.1,1.04,0.31,3601
2/25/2026, 10:54:59 AM,warning,ABS-03,155000,31000,80,2600,48.2,1.12,0.45,3602
2/25/2026, 10:54:59 AM,operating,ABS-03,145000,14500,90,2500.5,42.5,1.05,0.32,3600
2/25/2026, 10:54:59 AM,operating,ABS-03,142000,13800,90.3,2480.2,43.1,1.04,0.31,3601
2/25/2026, 10:54:59 AM,warning,ABS-03,155000,31000,80,2600,48.2,1.12,0.45,3602
2/25/2026, 10:54:59 AM,operating,ABS-03,145000,14500,90,2500.5,42.5,1.05,0.32,3600
2/25/2026, 10:55:00 AM,operating,ABS-03,142000,13800,90.3,2480.2,43.1,1.04,0.31,3601
2/25/2026, 10:55:00 AM,warning,ABS-03,155000,31000,80,2600,48.2,1.12,0.45,3602
2/25/2026, 10:55:00 AM,operating,ABS-03,145000,14500,90,2500.5,42.5,1.05,0.32,3600
2/25/2026, 10:55:00 AM,operating,ABS-03,142000,13800,90.3,2480.2,43.1,1.04,0.31,3601
2/25/2026, 10:55:00 AM,warning,ABS-03,155000,31000,80,2600,48.2,1.12,0.45,3602
2/25/2026, 10:55:00 AM,operating,ABS-03,145000,14500,90,2500.5,42.5,1.05,0.32,3600
2/25/2026, 10:55:00 AM,operating,ABS-03,142000,13800,90.3,2480.2,43.1,1.04,0.31,3601
2/25/2026, 10:55:00 AM,warning,ABS-03,155000,31000,80,2600,48.2,1.12,0.45,3602
2/25/2026, 10:55:00 AM,operating,ABS-03,145000,14500,90,2500.5,42.5,1.05,0.32,3600
2/25/2026, 10:55:01 AM,operating,ABS-03,142000,13800,90.3,2480.2,43.1,1.04,0.31,3601
2/25/2026, 10:55:01 AM,warning,ABS-03,155000,31000,80,2600,48.2,1.12,0.45,3602
2/25/2026, 10:55:01 AM,operating,ABS-03,145000,14500,90,2500.5,42.5,1.05,0.32,3600
2/25/2026, 10:55:01 AM,operating,ABS-03,142000,13800,90.3,2480.2,43.1,1.04,0.31,3601
2/25/2026, 10:55:01 AM,warning,ABS-03,155000,31000,80,2600,48.2,1.12,0.45,3602
2/25/2026, 10:55:01 AM,operating,ABS-03,145000,14500,90,2500.5,42.5,1.05,0.32,3600
2/25/2026, 10:55:01 AM,operating,ABS-03,142000,13800,90.3,2480.2,43.1,1.04,0.31,3601
2/25/2026, 10:55:01 AM,warning,ABS-03,155000,31000,80,2600,48.2,1.12,0.45,3602
2/25/2026, 10:55:01 AM,operating,ABS-03,145000,14500,90,2500.5,42.5,1.05,0.32,3600
2/25/2026, 10:55:01 AM,operating,ABS-03,142000,13800,90.3,2480.2,43.1,1.04,0.31,3601
2/25/2026, 10:55:02 AM,warning,ABS-03,155000,31000,80,2600,48.2,1.12,0.45,3602
2/25/2026, 10:55:02 AM,operating,ABS-03,145000,14500,90,2500.5,42.5,1.05,0.32,3600
2/25/2026, 10:55:02 AM,operating,ABS-03,142000,13800,90.3,2480.2,43.1,1.04,0.31,3601
2/25/2026, 10:55:02 AM,warning,ABS-03,155000,31000,80,2600,48.2,1.12,0.45,3602
2/25/2026, 10:55:02 AM,operating,ABS-03,145000,14500,90,2500.5,42.5,1.05,0.32,3600
2/25/2026, 10:55:02 AM,operating,ABS-03,142000,13800,90.3,2480.2,43.1,1.04,0.31,3601
2/25/2026, 10:55:02 AM,warning,ABS-03,155000,31000,80,2600,48.2,1.12,0.45,3602
2/25/2026, 10:55:02 AM,operating,ABS-03,145000,14500,90,2500.5,42.5,1.05,0.32,3600
2/25/2026, 10:55:02 AM,operating,ABS-03,142000,13800,90.3,2480.2,43.1,1.04,0.31,3601
2/25/2026, 10:55:02 AM,warning,ABS-03,155000,31000,80,2600,48.2,1.12,0.45,3602
2/25/2026, 10:55:03 AM,operating,ABS-03,145000,14500,90,2500.5,42.5,1.05,0.32,3600
2/25/2026, 10:55:03 AM,operating,ABS-03,142000,13800,90.3,2480.2,43.1,1.04,0.31,3601
2/25/2026, 10:55:03 AM,warning,ABS-03,155000,31000,80,2600,48.2,1.12,0.45,3602
2/25/2026, 10:55:03 AM,operating,ABS-03,145000,14500,90,2500.5,42.5,1.05,0.32,3600
2/25/2026, 10:55:03 AM,operating,ABS-03,142000,13800,90.3,2480.2,43.1,1.04,0.31,3601
2/25/2026, 10:55:03 AM,warning,ABS-03,155000,31000,80,2600,48.2,1.12,0.45,3602
2/25/2026, 10:55:03 AM,operating,ABS-03,145000,14500,90,2500.5,42.5,1.05,0.32,3600
2/25/2026, 10:55:03 AM,operating,ABS-03,142000,13800,90.3,2480.2,43.1,1.04,0.31,3601
2/25/2026, 10:55:03 AM,warning,ABS-03,155000,31000,80,2600,48.2,1.12,0.45,3602
2/25/2026, 10:55:03 AM,operating,ABS-03,145000,14500,90,2500.5,42.5,1.05,0.32,3600
2/25/2026, 10:55:04 AM,operating,ABS-03,142000,13800,90.3,2480.2,43.1,1.04,0.31,3601
2/25/2026, 10:55:04 AM,warning,ABS-03,155000,31000,80,2600,48.2,1.12,0.45,3602
2/25/2026, 10:55:04 AM,operating,ABS-03,145000,14500,90,2500.5,42.5,1.05,0.32,3600
2/25/2026, 10:55:04 AM,operating,ABS-03,142000,13800,90.3,2480.2,43.1,1.04,0.31,3601
2/25/2026, 10:55:04 AM,warning,ABS-03,155000,31000,80,2600,48.2,1.12,0.45,3602
2/25/2026, 10:55:04 AM,operating,ABS-03,145000,14500,90,2500.5,42.5,1.05,0.32,3600
2/25/2026, 10:55:04 AM,operating,ABS-03,142000,13800,90.3,2480.2,43.1,1.04,0.31,3601
2/25/2026, 10:55:04 AM,warning,ABS-03,155000,31000,80,2600,48.2,1.12,0.45,3602
2/25/2026, 10:55:04 AM,operating,ABS-03,145000,14500,90,2500.5,42.5,1.05,0.32,3600
2/25/2026, 10:55:04 AM,operating,ABS-03,142000,13800,90.3,2480.2,43.1,1.04,0.31,3601
2/25/2026, 10:55:05 AM,warning,ABS-03,155000,31000,80,2600,48.2,1.12,0.45,3602
2/25/2026, 10:55:05 AM,operating,ABS-03,145000,14500,90,2500.5,42.5,1.05,0.32,3600
2/25/2026, 10:55:05 AM,operating,ABS-03,142000,13800,90.3,2480.2,43.1,1.04,0.31,3601
2/25/2026, 10:55:05 AM,warning,ABS-03,155000,31000,80,2600,48.2,1.12,0.45,3602
2/25/2026, 10:55:05 AM,operating,ABS-03,145000,14500,90,2500.5,42.5,1.05,0.32,3600
2/25/2026, 10:55:05 AM,operating,ABS-03,142000,13800,90.3,2480.2,43.1,1.04,0.31,3601
2/25/2026, 10:55:05 AM,warning,ABS-03,155000,31000,80,2600,48.2,1.12,0.45,3602
2/25/2026, 10:55:05 AM,operating,ABS-03,145000,14500,90,2500.5,42.5,1.05,0.32,3600
2/25/2026, 10:55:05 AM,operating,ABS-03,142000,13800,90.3,2480.2,43.1,1.04,0.31,3601
2/25/2026, 10:55:05 AM,warning,ABS-03,155000,31000,80,2600,48.2,1.12,0.45,3602
2/25/2026, 10:55:06 AM,operating,ABS-03,145000,14500,90,2500.5,42.5,1.05,0.32,3600
2/25/2026, 10:55:06 AM,operating,ABS-03,142000,13800,90.3,2480.2,43.1,1.04,0.31,3601
2/25/2026, 10:55:06 AM,warning,ABS-03,155000,31000,80,2600,48.2,1.12,0.45,3602
2/25/2026, 10:55:06 AM,operating,ABS-03,145000,14500,90,2500.5,42.5,1.05,0.32,3600
2/25/2026, 10:55:06 AM,operating,ABS-03,142000,13800,90.3,2480.2,43.1,1.04,0.31,3601
2/25/2026, 10:55:06 AM,warning,ABS-03,155000,31000,80,2600,48.2,1.12,0.45,3602
2/25/2026, 10:55:06 AM,operating,ABS-03,145000,14500,90,2500.5,42.5,1.05,0.32,3600
2/25/2026, 10:55:06 AM,operating,ABS-03,142000,13800,90.3,2480.2,43.1,1.04,0.31,3601
2/25/2026, 10:55:06 AM,warning,ABS-03,155000,31000,80,2600,48.2,1.12,0.45,3602
2/25/2026, 10:55:06 AM,operating,ABS-03,145000,14500,90,2500.5,42.5,1.05,0.32,3600
2/25/2026, 10:55:07 AM,operating,ABS-03,142000,13800,90.3,2480.2,43.1,1.04,0.31,3601
2/25/2026, 10:55:07 AM,warning,ABS-03,155000,31000,80,2600,48.2,1.12,0.45,3602
2/25/2026, 10:55:07 AM,operating,ABS-03,145000,14500,90,2500.5,42.5,1.05,0.32,3600
2/25/2026, 10:55:07 AM,operating,ABS-03,142000,13800,90.3,2480.2,43.1,1.04,0.31,3601
2/25/2026, 10:55:07 AM,warning,ABS-03,155000,31000,80,2600,48.2,1.12,0.45,3602
2/25/2026, 10:55:07 AM,operating,ABS-03,145000,14500,90,2500.5,42.5,1.05,0.32,3600
2/25/2026, 10:55:07 AM,operating,ABS-03,142000,13800,90.3,2480.2,43.1,1.04,0.31,3601
2/25/2026, 10:55:07 AM,warning,ABS-03,155000,31000,80,2600,48.2,1.12,0.45,3602
2/25/2026, 10:55:07 AM,operating,ABS-03,145000,14500,90,2500.5,42.5,1.05,0.32,3600
2/25/2026, 10:55:07 AM,operating,ABS-03,142000,13800,90.3,2480.2,43.1,1.04,0.31,3601
2/25/2026, 10:55:08 AM,warning,ABS-03,155000,31000,80,2600,48.2,1.12,0.45,3602
2/25/2026, 10:55:08 AM,operating,ABS-03,145000,14500,90,2500.5,42.5,1.05,0.32,3600
2/25/2026, 10:55:08 AM,operating,ABS-03,142000,13800,90.3,2480.2,43.1,1.04,0.31,3601
2/25/2026, 10:55:08 AM,warning,ABS-03,155000,31000,80,2600,48.2,1.12,0.45,3602
2/25/2026, 10:55:08 AM,operating,ABS-03,145000,14500,90,2500.5,42.5,1.05,0.32,3600
2/25/2026, 10:55:08 AM,operating,ABS-03,142000,13800,90.3,2480.2,43.1,1.04,0.31,3601
2/25/2026, 10:55:08 AM,warning,ABS-03,155000,31000,80,2600,48.2,1.12,0.45,3602
2/25/2026, 10:55:08 AM,operating,ABS-03,145000,14500,90,2500.5,42.5,1.05,0.32,3600
2/25/2026, 10:55:08 AM,operating,ABS-03,142000,13800,90.3,2480.2,43.1,1.04,0.31,3601
2/25/2026, 10:55:08 AM,warning,ABS-03,155000,31000,80,2600,48.2,1.12,0.45,3602
2/25/2026, 10:55:09 AM,operating,ABS-03,145000,14500,90,2500.5,42.5,1.05,0.32,3600
2/25/2026, 10:55:09 AM,operating,ABS-03,142000,13800,90.3,2480.2,43.1,1.04,0.31,3601
2/25/2026, 10:55:09 AM,warning,ABS-03,155000,31000,80,2600,48.2,1.12,0.45,3602
2/25/2026, 10:55:09 AM,operating,ABS-03,145000,14500,90,2500.5,42.5,1.05,0.32,3600
2/25/2026, 10:55:09 AM,operating,ABS-03,142000,13800,90.3,2480.2,43.1,1.04,0.31,3601
2/25/2026, 10:55:09 AM,warning,ABS-03,155000,31000,80,2600,48.2,1.12,0.45,3602
2/25/2026, 10:55:09 AM,operating,ABS-03,145000,14500,90,2500.5,42.5,1.05,0.32,3600
2/25/2026, 10:55:09 AM,operating,ABS-03,142000,13800,90.3,2480.2,43.1,1.04,0.31,3601
2/25/2026, 10:55:09 AM,warning,ABS-03,155000,31000,80,2600,48.2,1.12,0.45,3602
2/25/2026, 10:55:09 AM,operating,ABS-03,145000,14500,90,2500.5,42.5,1.05,0.32,3600
2/25/2026, 10:55:10 AM,operating,ABS-03,142000,13800,90.3,2480.2,43.1,1.04,0.31,3601
2/25/2026, 10:55:10 AM,warning,ABS-03,155000,31000,80,2600,48.2,1.12,0.45,3602
2/25/2026, 10:55:10 AM,operating,ABS-03,145000,14500,90,2500.5,42.5,1.05,0.32,3600
2/25/2026, 10:55:10 AM,operating,ABS-03,142000,13800,90.3,2480.2,43.1,1.04,0.31,3601
2/25/2026, 10:55:10 AM,warning,ABS-03,155000,31000,80,2600,48.2,1.12,0.45,3602
2/25/2026, 10:55:10 AM,operating,ABS-03,145000,14500,90,2500.5,42.5,1.05,0.32,3600
2/25/2026, 10:55:10 AM,operating,ABS-03,142000,13800,90.3,2480.2,43.1,1.04,0.31,3601
2/25/2026, 10:55:10 AM,warning,ABS-03,155000,31000,80,2600,48.2,1.12,0.45,3602
2/25/2026, 10:55:10 AM,operating,ABS-03,145000,14500,90,2500.5,42.5,1.05,0.32,3600
2/25/2026, 10:55:11 AM,operating,ABS-03,142000,13800,90.3,2480.2,43.1,1.04,0.31,3601
2/25/2026, 10:55:11 AM,warning,ABS-03,155000,31000,80,2600,48.2,1.12,0.45,3602
2/25/2026, 10:55:11 AM,operating,ABS-03,145000,14500,90,2500.5,42.5,1.05,0.32,3600
2/25/2026, 10:55:11 AM,operating,ABS-03,142000,13800,90.3,2480.2,43.1,1.04,0.31,3601
2/25/2026, 10:55:11 AM,warning,ABS-03,155000,31000,80,2600,48.2,1.12,0.45,3602
2/25/2026, 10:55:11 AM,operating,ABS-03,145000,14500,90,2500.5,42.5,1.05,0.32,3600
2/25/2026, 10:55:11 AM,operating,ABS-03,142000,13800,90.3,2480.2,43.1,1.04,0.31,3601
2/25/2026, 10:55:11 AM,warning,ABS-03,155000,31000,80,2600,48.2,1.12,0.45,3602
2/25/2026, 10:55:11 AM,operating,ABS-03,145000,14500,90,2500.5,42.5,1.05,0.32,3600
2/25/2026, 10:55:11 AM,operating,ABS-03,142000,13800,90.3,2480.2,43.1,1.04,0.31,3601
2/25/2026, 10:55:12 AM,warning,ABS-03,155000,31000,80,2600,48.2,1.12,0.45,3602
2/25/2026, 10:55:12 AM,operating,ABS-03,145000,14500,90,2500.5,42.5,1.05,0.32,3600
2/25/2026, 10:55:12 AM,operating,ABS-03,142000,13800,90.3,2480.2,43.1,1.04,0.31,3601
2/25/2026, 10:55:12 AM,warning,ABS-03,155000,31000,80,2600,48.2,1.12,0.45,3602
2/25/2026, 10:55:12 AM,operating,ABS-03,145000,14500,90,2500.5,42.5,1.05,0.32,3600
2/25/2026, 10:55:12 AM,operating,ABS-03,142000,13800,90.3,2480.2,43.1,1.04,0.31,3601
2/25/2026, 10:55:12 AM,warning,ABS-03,155000,31000,80,2600,48.2,1.12,0.45,3602
2/25/2026, 10:55:12 AM,operating,ABS-03,145000,14500,90,2500.5,42.5,1.05,0.32,3600
2/25/2026, 10:55:12 AM,operating,ABS-03,142000,13800,90.3,2480.2,43.1,1.04,0.31,3601
2/25/2026, 10:55:12 AM,warning,ABS-03,155000,31000,80,2600,48.2,1.12,0.45,3602
2/25/2026, 10:55:13 AM,operating,ABS-03,145000,14500,90,2500.5,42.5,1.05,0.32,3600
2/25/2026, 10:55:13 AM,operating,ABS-03,142000,13800,90.3,2480.2,43.1,1.04,0.31,3601
2/25/2026, 10:55:13 AM,warning,ABS-03,155000,31000,80,2600,48.2,1.12,0.45,3602
2/25/2026, 10:55:13 AM,operating,ABS-03,145000,14500,90,2500.5,42.5,1.05,0.32,3600
2/25/2026, 10:55:13 AM,operating,ABS-03,142000,13800,90.3,2480.2,43.1,1.04,0.31,3601
2/25/2026, 10:55:13 AM,warning,ABS-03,155000,31000,80,2600,48.2,1.12,0.45,3602
2/25/2026, 10:55:13 AM,operating,ABS-03,145000,14500,90,2500.5,42.5,1.05,0.32,3600
2/25/2026, 10:55:13 AM,operating,ABS-03,142000,13800,90.3,2480.2,43.1,1.04,0.31,3601
2/25/2026, 10:55:13 AM,warning,ABS-03,155000,31000,80,2600,48.2,1.12,0.45,3602
2/25/2026, 10:55:13 AM,operating,ABS-03,145000,14500,90,2500.5,42.5,1.05,0.32,3600
2/25/2026, 10:55:14 AM,operating,ABS-03,142000,13800,90.3,2480.2,43.1,1.04,0.31,3601
2/25/2026, 10:55:14 AM,warning,ABS-03,155000,31000,80,2600,48.2,1.12,0.45,3602
2/25/2026, 10:55:14 AM,operating,ABS-03,145000,14500,90,2500.5,42.5,1.05,0.32,3600
2/25/2026, 10:55:14 AM,operating,ABS-03,142000,13800,90.3,2480.2,43.1,1.04,0.31,3601
2/25/2026, 10:55:14 AM,warning,ABS-03,155000,31000,80,2600,48.2,1.12,0.45,3602
2/25/2026, 10:55:14 AM,operating,ABS-03,145000,14500,90,2500.5,42.5,1.05,0.32,3600
2/25/2026, 10:55:14 AM,operating,ABS-03,142000,13800,90.3,2480.2,43.1,1.04,0.31,3601
2/25/2026, 10:55:14 AM,warning,ABS-03,155000,31000,80,2600,48.2,1.12,0.45,3602
2/25/2026, 10:55:14 AM,operating,ABS-03,145000,14500,90,2500.5,42.5,1.05,0.32,3600
2/25/2026, 10:55:14 AM,operating,ABS-03,142000,13800,90.3,2480.2,43.1,1.04,0.31,3601
2/25/2026, 10:55:15 AM,warning,ABS-03,155000,31000,80,2600,48.2,1.12,0.45,3602
2/25/2026, 10:55:15 AM,operating,ABS-03,145000,14500,90,2500.5,42.5,1.05,0.32,3600
2/25/2026, 10:55:15 AM,operating,ABS-03,142000,13800,90.3,2480.2,43.1,1.04,0.31,3601
2/25/2026, 10:55:15 AM,warning,ABS-03,155000,31000,80,2600,48.2,1.12,0.45,3602
2/25/2026, 10:55:15 AM,operating,ABS-03,145000,14500,90,2500.5,42.5,1.05,0.32,3600
2/25/2026, 10:55:15 AM,operating,ABS-03,142000,13800,90.3,2480.2,43.1,1.04,0.31,3601
2/25/2026, 10:55:15 AM,warning,ABS-03,155000,31000,80,2600,48.2,1.12,0.45,3602
2/25/2026, 10:55:15 AM,operating,ABS-03,145000,14500,90,2500.5,42.5,1.05,0.32,3600
2/25/2026, 10:55:15 AM,operating,ABS-03,142000,13800,90.3,2480.2,43.1,1.04,0.31,3601
2/25/2026, 10:55:15 AM,warning,ABS-03,155000,31000,80,2600,48.2,1.12,0.45,3602
2/25/2026, 10:55:16 AM,operating,ABS-03,145000,14500,90,2500.5,42.5,1.05,0.32,3600
2/25/2026, 10:55:16 AM,operating,ABS-03,142000,13800,90.3,2480.2,43.1,1.04,0.31,3601
2/25/2026, 10:55:16 AM,warning,ABS-03,155000,31000,80,2600,48.2,1.12,0.45,3602
2/25/2026, 10:55:16 AM,operating,ABS-03,145000,14500,90,2500.5,42.5,1.05,0.32,3600
2/25/2026, 10:55:16 AM,operating,ABS-03,142000,13800,90.3,2480.2,43.1,1.04,0.31,3601
2/25/2026, 10:55:16 AM,warning,ABS-03,155000,31000,80,2600,48.2,1.12,0.45,3602
2/25/2026, 10:55:16 AM,operating,ABS-03,145000,14500,90,2500.5,42.5,1.05,0.32,3600
2/25/2026, 10:55:16 AM,operating,ABS-03,142000,13800,90.3,2480.2,43.1,1.04,0.31,3601
2/25/2026, 10:55:16 AM,warning,ABS-03,155000,31000,80,2600,48.2,1.12,0.45,3602
2/25/2026, 10:55:16 AM,operating,ABS-03,145000,14500,90,2500.5,42.5,1.05,0.32,3600
2/25/2026, 10:55:17 AM,operating,ABS-03,142000,13800,90.3,2480.2,43.1,1.04,0.31,3601
2/25/2026, 10:55:17 AM,warning,ABS-03,155000,31000,80,2600,48.2,1.12,0.45,3602
2/25/2026, 10:55:17 AM,operating,ABS-03,145000,14500,90,2500.5,42.5,1.05,0.32,3600
2/25/2026, 10:55:17 AM,operating,ABS-03,142000,13800,90.3,2480.2,43.1,1.04,0.31,3601
2/25/2026, 10:55:17 AM,warning,ABS-03,155000,31000,80,2600,48.2,1.12,0.45,3602
2/25/2026, 10:55:17 AM,operating,ABS-03,145000,14500,90,2500.5,42.5,1.05,0.32,3600
2/25/2026, 10:55:17 AM,operating,ABS-03,142000,13800,90.3,2480.2,43.1,1.04,0.31,3601
2/25/2026, 10:55:17 AM,warning,ABS-03,155000,31000,80,2600,48.2,1.12,0.45,3602
2/25/2026, 10:55:17 AM,operating,ABS-03,145000,14500,90,2500.5,42.5,1.05,0.32,3600
2/25/2026, 10:55:17 AM,operating,ABS-03,142000,13800,90.3,2480.2,43.1,1.04,0.31,3601
2/25/2026, 10:55:18 AM,warning,ABS-03,155000,31000,80,2600,48.2,1.12,0.45,3602
2/25/2026, 10:55:18 AM,operating,ABS-03,145000,14500,90,2500.5,42.5,1.05,0.32,3600
2/25/2026, 10:55:18 AM,operating,ABS-03,142000,13800,90.3,2480.2,43.1,1.04,0.31,3601
2/25/2026, 10:55:18 AM,warning,ABS-03,155000,31000,80,2600,48.2,1.12,0.45,3602
2/25/2026, 10:55:18 AM,operating,ABS-03,145000,14500,90,2500.5,42.5,1.05,0.32,3600
2/25/2026, 10:55:18 AM,operating,ABS-03,142000,13800,90.3,2480.2,43.1,1.04,0.31,3601
2/25/2026, 10:55:18 AM,warning,ABS-03,155000,31000,80,2600,48.2,1.12,0.45,3602
2/25/2026, 10:55:18 AM,operating,ABS-03,145000,14500,90,2500.5,42.5,1.05,0.32,3600
2/25/2026, 10:55:18 AM,operating,ABS-03,142000,13800,90.3,2480.2,43.1,1.04,0.31,3601
2/25/2026, 10:55:18 AM,warning,ABS-03,155000,31000,80,2600,48.2,1.12,0.45,3602
2/25/2026, 10:55:19 AM,operating,ABS-03,145000,14500,90,2500.5,42.5,1.05,0.32,3600
2/25/2026, 10:55:19 AM,operating,ABS-03,142000,13800,90.3,2480.2,43.1,1.04,0.31,3601
2/25/2026, 10:55:19 AM,warning,ABS-03,155000,31000,80,2600,48.2,1.12,0.45,3602
2/25/2026, 10:55:19 AM,operating,ABS-03,145000,14500,90,2500.5,42.5,1.05,0.32,3600
2/25/2026, 10:55:19 AM,operating,ABS-03,142000,13800,90.3,2480.2,43.1,1.04,0.31,3601
2/25/2026, 10:55:19 AM,warning,ABS-03,155000,31000,80,2600,48.2,1.12,0.45,3602
2/25/2026, 10:55:19 AM,operating,ABS-03,145000,14500,90,2500.5,42.5,1.05,0.32,3600
2/25/2026, 10:55:19 AM,operating,ABS-03,142000,13800,90.3,2480.2,43.1,1.04,0.31,3601
2/25/2026, 10:55:19 AM,warning,ABS-03,155000,31000,80,2600,48.2,1.12,0.45,3602
2/25/2026, 10:55:19 AM,operating,ABS-03,145000,14500,90,2500.5,42.5,1.05,0.32,3600
2/25/2026, 10:55:20 AM,operating,ABS-03,142000,13800,90.3,2480.2,43.1,1.04,0.31,3601
2/25/2026, 10:55:20 AM,warning,ABS-03,155000,31000,80,2600,48.2,1.12,0.45,3602
2/25/2026, 10:55:20 AM,operating,ABS-03,145000,14500,90,2500.5,42.5,1.05,0.32,3600
2/25/2026, 10:55:20 AM,operating,ABS-03,142000,13800,90.3,2480.2,43.1,1.04,0.31,3601
2/25/2026, 10:55:20 AM,warning,ABS-03,155000,31000,80,2600,48.2,1.12,0.45,3602
2/25/2026, 10:55:20 AM,operating,ABS-03,145000,14500,90,2500.5,42.5,1.05,0.32,3600
2/25/2026, 10:55:20 AM,operating,ABS-03,142000,13800,90.3,2480.2,43.1,1.04,0.31,3601
2/25/2026, 10:55:20 AM,warning,ABS-03,155000,31000,80,2600,48.2,1.12,0.45,3602
2/25/2026, 10:55:20 AM,operating,ABS-03,145000,14500,90,2500.5,42.5,1.05,0.32,3600
2/25/2026, 10:55:21 AM,operating,ABS-03,142000,13800,90.3,2480.2,43.1,1.04,0.31,3601
2/25/2026, 10:55:21 AM,warning,ABS-03,155000,31000,80,2600,48.2,1.12,0.45,3602
2/25/2026, 10:55:21 AM,operating,ABS-03,145000,14500,90,2500.5,42.5,1.05,0.32,3600
2/25/2026, 10:55:21 AM,operating,ABS-03,142000,13800,90.3,2480.2,43.1,1.04,0.31,3601
2/25/2026, 10:55:21 AM,warning,ABS-03,155000,31000,80,2600,48.2,1.12,0.45,3602
2/25/2026, 10:55:21 AM,operating,ABS-03,145000,14500,90,2500.5,42.5,1.05,0.32,3600
2/25/2026, 10:55:21 AM,operating,ABS-03,142000,13800,90.3,2480.2,43.1,1.04,0.31,3601
2/25/2026, 10:55:21 AM,warning,ABS-03,155000,31000,80,2600,48.2,1.12,0.45,3602
2/25/2026, 10:55:21 AM,operating,ABS-03,145000,14500,90,2500.5,42.5,1.05,0.32,3600
2/25/2026, 10:55:21 AM,operating,ABS-03,142000,13800,90.3,2480.2,43.1,1.04,0.31,3601
2/25/2026, 10:55:22 AM,warning,ABS-03,155000,31000,80,2600,48.2,1.12,0.45,3602
2/25/2026, 10:55:22 AM,operating,ABS-03,145000,14500,90,2500.5,42.5,1.05,0.32,3600
2/25/2026, 10:55:22 AM,operating,ABS-03,142000,13800,90.3,2480.2,43.1,1.04,0.31,3601
2/25/2026, 10:55:22 AM,warning,ABS-03,155000,31000,80,2600,48.2,1.12,0.45,3602
2/25/2026, 10:55:22 AM,operating,ABS-03,145000,14500,90,2500.5,42.5,1.05,0.32,3600
2/25/2026, 10:55:22 AM,operating,ABS-03,142000,13800,90.3,2480.2,43.1,1.04,0.31,3601
2/25/2026, 10:55:22 AM,warning,ABS-03,155000,31000,80,2600,48.2,1.12,0.45,3602
2/25/2026, 10:55:22 AM,operating,ABS-03,145000,14500,90,2500.5,42.5,1.05,0.32,3600
2/25/2026, 10:55:22 AM,operating,ABS-03,142000,13800,90.3,2480.2,43.1,1.04,0.31,3601
2/25/2026, 10:55:22 AM,warning,ABS-03,155000,31000,80,2600,48.2,1.12,0.45,3602
2/25/2026, 10:55:23 AM,operating,ABS-03,145000,14500,90,2500.5,42.5,1.05,0.32,3600
2/25/2026, 10:55:23 AM,operating,ABS-03,142000,13800,90.3,2480.2,43.1,1.04,0.31,3601
2/25/2026, 10:55:23 AM,warning,ABS-03,155000,31000,80,2600,48.2,1.12,0.45,3602
2/25/2026, 10:55:23 AM,operating,ABS-03,145000,14500,90,2500.5,42.5,1.05,0.32,3600
2/25/2026, 10:55:23 AM,operating,ABS-03,142000,13800,90.3,2480.2,43.1,1.04,0.31,3601
2/25/2026, 10:55:23 AM,warning,ABS-03,155000,31000,80,2600,48.2,1.12,0.45,3602
2/25/2026, 10:55:23 AM,operating,ABS-03,145000,14500,90,2500.5,42.5,1.05,0.32,3600
2/25/2026, 10:55:23 AM,operating,ABS-03,142000,13800,90.3,2480.2,43.1,1.04,0.31,3601
2/25/2026, 10:55:23 AM,warning,ABS-03,155000,31000,80,2600,48.2,1.12,0.45,3602
2/25/2026, 10:55:23 AM,operating,ABS-03,145000,14500,90,2500.5,42.5,1.05,0.32,3600
2/25/2026, 10:55:24 AM,operating,ABS-03,142000,13800,90.3,2480.2,43.1,1.04,0.31,3601
2/25/2026, 10:55:24 AM,warning,ABS-03,155000,31000,80,2600,48.2,1.12,0.45,3602
2/25/2026, 10:55:24 AM,operating,ABS-03,145000,14500,90,2500.5,42.5,1.05,0.32,3600
2/25/2026, 10:55:24 AM,operating,ABS-03,142000,13800,90.3,2480.2,43.1,1.04,0.31,3601
2/25/2026, 10:55:24 AM,warning,ABS-03,155000,31000,80,2600,48.2,1.12,0.45,3602
2/25/2026, 10:55:24 AM,operating,ABS-03,145000,14500,90,2500.5,42.5,1.05,0.32,3600
2/25/2026, 10:55:24 AM,operating,ABS-03,142000,13800,90.3,2480.2,43.1,1.04,0.31,3601
2/25/2026, 10:55:24 AM,warning,ABS-03,155000,31000,80,2600,48.2,1.12,0.45,3602
2/25/2026, 10:55:24 AM,operating,ABS-03,145000,14500,90,2500.5,42.5,1.05,0.32,3600
2/25/2026, 10:55:24 AM,operating,ABS-03,142000,13800,90.3,2480.2,43.1,1.04,0.31,3601
2/25/2026, 10:55:25 AM,warning,ABS-03,155000,31000,80,2600,48.2,1.12,0.45,3602
2/25/2026, 10:55:25 AM,operating,ABS-03,145000,14500,90,2500.5,42.5,1.05,0.32,3600
2/25/2026, 10:55:25 AM,operating,ABS-03,142000,13800,90.3,2480.2,43.1,1.04,0.31,3601
2/25/2026, 10:55:25 AM,warning,ABS-03,155000,31000,80,2600,48.2,1.12,0.45,3602
2/25/2026, 10:55:25 AM,operating,ABS-03,145000,14500,90,2500.5,42.5,1.05,0.32,3600
2/25/2026, 10:55:25 AM,operating,ABS-03,142000,13800,90.3,2480.2,43.1,1.04,0.31,3601
2/25/2026, 10:55:25 AM,warning,ABS-03,155000,31000,80,2600,48.2,1.12,0.45,3602
2/25/2026, 10:55:25 AM,operating,ABS-03,145000,14500,90,2500.5,42.5,1.05,0.32,3600
2/25/2026, 10:55:25 AM,operating,ABS-03,142000,13800,90.3,2480.2,43.1,1.04,0.31,3601
2/25/2026, 10:55:25 AM,warning,ABS-03,155000,31000,80,2600,48.2,1.12,0.45,3602
2/25/2026, 10:55:26 AM,operating,ABS-03,145000,14500,90,2500.5,42.5,1.05,0.32,3600
2/25/2026, 10:55:26 AM,operating,ABS-03,142000,13800,90.3,2480.2,43.1,1.04,0.31,3601
2/25/2026, 10:55:26 AM,warning,ABS-03,155000,31000,80,2600,48.2,1.12,0.45,3602
2/25/2026, 10:55:26 AM,operating,ABS-03,145000,14500,90,2500.5,42.5,1.05,0.32,3600
2/25/2026, 10:55:26 AM,operating,ABS-03,142000,13800,90.3,2480.2,43.1,1.04,0.31,3601
2/25/2026, 10:55:26 AM,warning,ABS-03,155000,31000,80,2600,48.2,1.12,0.45,3602
2/25/2026, 10:55:26 AM,operating,ABS-03,145000,14500,90,2500.5,42.5,1.05,0.32,3600
2/25/2026, 10:55:26 AM,operating,ABS-03,142000,13800,90.3,2480.2,43.1,1.04,0.31,3601
2/25/2026, 10:55:26 AM,warning,ABS-03,155000,31000,80,2600,48.2,1.12,0.45,3602
2/25/2026, 10:55:26 AM,operating,ABS-03,145000,14500,90,2500.5,42.5,1.05,0.32,3600
2/25/2026, 10:55:27 AM,operating,ABS-03,142000,13800,90.3,2480.2,43.1,1.04,0.31,3601
2/25/2026, 10:55:27 AM,warning,ABS-03,155000,31000,80,2600,48.2,1.12,0.45,3602
2/25/2026, 10:55:27 AM,operating,ABS-03,145000,14500,90,2500.5,42.5,1.05,0.32,3600
2/25/2026, 10:55:27 AM,operating,ABS-03,142000,13800,90.3,2480.2,43.1,1.04,0.31,3601
2/25/2026, 10:55:27 AM,warning,ABS-03,155000,31000,80,2600,48.2,1.12,0.45,3602
2/25/2026, 10:55:27 AM,operating,ABS-03,145000,14500,90,2500.5,42.5,1.05,0.32,3600
2/25/2026, 10:55:27 AM,operating,ABS-03,142000,13800,90.3,2480.2,43.1,1.04,0.31,3601
2/25/2026, 10:55:27 AM,warning,ABS-03,155000,31000,80,2600,48.2,1.12,0.45,3602
2/25/2026, 10:55:27 AM,operating,ABS-03,145000,14500,90,2500.5,42.5,1.05,0.32,3600
2/25/2026, 10:55:27 AM,operating,ABS-03,142000,13800,90.3,2480.2,43.1,1.04,0.31,3601
2/25/2026, 10:55:28 AM,warning,ABS-03,155000,31000,80,2600,48.2,1.12,0.45,3602
2/25/2026, 10:55:28 AM,operating,ABS-03,145000,14500,90,2500.5,42.5,1.05,0.32,3600
2/25/2026, 10:55:28 AM,operating,ABS-03,142000,13800,90.3,2480.2,43.1,1.04,0.31,3601
2/25/2026, 10:55:28 AM,warning,ABS-03,155000,31000,80,2600,48.2,1.12,0.45,3602
2/25/2026, 10:55:28 AM,operating,ABS-03,145000,14500,90,2500.5,42.5,1.05,0.32,3600
2/25/2026, 10:55:28 AM,operating,ABS-03,142000,13800,90.3,2480.2,43.1,1.04,0.31,3601
2/25/2026, 10:55:28 AM,warning,ABS-03,155000,31000,80,2600,48.2,1.12,0.45,3602
2/25/2026, 10:55:28 AM,operating,ABS-03,145000,14500,90,2500.5,42.5,1.05,0.32,3600
2/25/2026, 10:55:28 AM,operating,ABS-03,142000,13800,90.3,2480.2,43.1,1.04,0.31,3601
2/25/2026, 10:55:28 AM,warning,ABS-03,155000,31000,80,2600,48.2,1.12,0.45,3602
2/25/2026, 10:55:29 AM,operating,ABS-03,145000,14500,90,2500.5,42.5,1.05,0.32,3600
2/25/2026, 10:55:29 AM,operating,ABS-03,142000,13800,90.3,2480.2,43.1,1.04,0.31,3601
2/25/2026, 10:55:29 AM,warning,ABS-03,155000,31000,80,2600,48.2,1.12,0.45,3602
2/25/2026, 10:55:29 AM,operating,ABS-03,145000,14500,90,2500.5,42.5,1.05,0.32,3600
2/25/2026, 10:55:29 AM,operating,ABS-03,142000,13800,90.3,2480.2,43.1,1.04,0.31,3601
2/25/2026, 10:55:29 AM,warning,ABS-03,155000,31000,80,2600,48.2,1.12,0.45,3602
2/25/2026, 10:55:29 AM,operating,ABS-03,145000,14500,90,2500.5,42.5,1.05,0.32,3600
2/25/2026, 10:55:29 AM,operating,ABS-03,142000,13800,90.3,2480.2,43.1,1.04,0.31,3601
2/25/2026, 10:55:29 AM,warning,ABS-03,155000,31000,80,2600,48.2,1.12,0.45,3602
2/25/2026, 10:55:30 AM,operating,ABS-03,145000,14500,90,2500.5,42.5,1.05,0.32,3600
2/25/2026, 10:55:30 AM,operating,ABS-03,142000,13800,90.3,2480.2,43.1,1.04,0.31,3601
2/25/2026, 10:55:30 AM,warning,ABS-03,155000,31000,80,2600,48.2,1.12,0.45,3602
2/25/2026, 10:55:30 AM,operating,ABS-03,145000,14500,90,2500.5,42.5,1.05,0.32,3600
2/25/2026, 10:55:30 AM,operating,ABS-03,142000,13800,90.3,2480.2,43.1,1.04,0.31,3601
2/25/2026, 10:55:30 AM,warning,ABS-03,155000,31000,80,2600,48.2,1.12,0.45,3602
2/25/2026, 10:55:30 AM,operating,ABS-03,145000,14500,90,2500.5,42.5,1.05,0.32,3600
2/25/2026, 10:55:30 AM,operating,ABS-03,142000,13800,90.3,2480.2,43.1,1.04,0.31,3601
2/25/2026, 10:55:30 AM,warning,ABS-03,155000,31000,80,2600,48.2,1.12,0.45,3602
2/25/2026, 10:55:30 AM,operating,ABS-03,145000,14500,90,2500.5,42.5,1.05,0.32,3600
2/25/2026, 10:55:31 AM,operating,ABS-03,142000,13800,90.3,2480.2,43.1,1.04,0.31,3601
2/25/2026, 10:55:31 AM,warning,ABS-03,155000,31000,80,2600,48.2,1.12,0.45,3602
2/25/2026, 10:55:31 AM,operating,ABS-03,145000,14500,90,2500.5,42.5,1.05,0.32,3600
2/25/2026, 10:55:31 AM,operating,ABS-03,142000,13800,90.3,2480.2,43.1,1.04,0.31,3601
2/25/2026, 10:55:31 AM,warning,ABS-03,155000,31000,80,2600,48.2,1.12,0.45,3602
2/25/2026, 10:55:31 AM,operating,ABS-03,145000,14500,90,2500.5,42.5,1.05,0.32,3600
2/25/2026, 10:55:31 AM,operating,ABS-03,142000,13800,90.3,2480.2,43.1,1.04,0.31,3601
2/25/2026, 10:55:31 AM,warning,ABS-03,155000,31000,80,2600,48.2,1.12,0.45,3602
2/25/2026, 10:55:31 AM,operating,ABS-03,145000,14500,90,2500.5,42.5,1.05,0.32,3600
2/25/2026, 10:55:31 AM,operating,ABS-03,142000,13800,90.3,2480.2,43.1,1.04,0.31,3601
2/25/2026, 10:55:32 AM,warning,ABS-03,155000,31000,80,2600,48.2,1.12,0.45,3602
2/25/2026, 10:55:32 AM,operating,ABS-03,145000,14500,90,2500.5,42.5,1.05,0.32,3600
2/25/2026, 10:55:32 AM,operating,ABS-03,142000,13800,90.3,2480.2,43.1,1.04,0.31,3601
2/25/2026, 10:55:32 AM,warning,ABS-03,155000,31000,80,2600,48.2,1.12,0.45,3602
2/25/2026, 10:55:32 AM,operating,ABS-03,145000,14500,90,2500.5,42.5,1.05,0.32,3600
2/25/2026, 10:55:32 AM,operating,ABS-03,142000,13800,90.3,2480.2,43.1,1.04,0.31,3601
2/25/2026, 10:55:32 AM,warning,ABS-03,155000,31000,80,2600,48.2,1.12,0.45,3602
2/25/2026, 10:55:32 AM,operating,ABS-03,145000,14500,90,2500.5,42.5,1.05,0.32,3600
2/25/2026, 10:55:32 AM,operating,ABS-03,142000,13800,90.3,2480.2,43.1,1.04,0.31,3601
2/25/2026, 10:55:32 AM,warning,ABS-03,155000,31000,80,2600,48.2,1.12,0.45,3602
2/25/2026, 10:55:33 AM,operating,ABS-03,145000,14500,90,2500.5,42.5,1.05,0.32,3600
2/25/2026, 10:55:33 AM,operating,ABS-03,142000,13800,90.3,2480.2,43.1,1.04,0.31,3601
2/25/2026, 10:55:33 AM,warning,ABS-03,155000,31000,80,2600,48.2,1.12,0.45,3602
2/25/2026, 10:55:33 AM,operating,ABS-03,145000,14500,90,2500.5,42.5,1.05,0.32,3600
2/25/2026, 10:55:33 AM,operating,ABS-03,142000,13800,90.3,2480.2,43.1,1.04,0.31,3601
2/25/2026, 10:55:33 AM,warning,ABS-03,155000,31000,80,2600,48.2,1.12,0.45,3602
2/25/2026, 10:55:33 AM,operating,ABS-03,145000,14500,90,2500.5,42.5,1.05,0.32,3600
2/25/2026, 10:55:33 AM,operating,ABS-03,142000,13800,90.3,2480.2,43.1,1.04,0.31,3601
2/25/2026, 10:55:33 AM,warning,ABS-03,155000,31000,80,2600,48.2,1.12,0.45,3602
2/25/2026, 10:55:33 AM,operating,ABS-03,145000,14500,90,2500.5,42.5,1.05,0.32,3600
2/25/2026, 10:55:34 AM,operating,ABS-03,142000,13800,90.3,2480.2,43.1,1.04,0.31,3601
2/25/2026, 10:55:34 AM,warning,ABS-03,155000,31000,80,2600,48.2,1.12,0.45,3602
2/25/2026, 10:55:34 AM,operating,ABS-03,145000,14500,90,2500.5,42.5,1.05,0.32,3600
2/25/2026, 10:55:34 AM,operating,ABS-03,142000,13800,90.3,2480.2,43.1,1.04,0.31,3601
2/25/2026, 10:55:34 AM,warning,ABS-03,155000,31000,80,2600,48.2,1.12,0.45,3602
2/25/2026, 10:55:34 AM,operating,ABS-03,145000,14500,90,2500.5,42.5,1.05,0.32,3600
2/25/2026, 10:55:34 AM,operating,ABS-03,142000,13800,90.3,2480.2,43.1,1.04,0.31,3601
2/25/2026, 10:55:34 AM,warning,ABS-03,155000,31000,80,2600,48.2,1.12,0.45,3602
2/25/2026, 10:55:34 AM,operating,ABS-03,145000,14500,90,2500.5,42.5,1.05,0.32,3600
2/25/2026, 10:55:34 AM,operating,ABS-03,142000,13800,90.3,2480.2,43.1,1.04,0.31,3601
2/25/2026, 10:55:35 AM,warning,ABS-03,155000,31000,80,2600,48.2,1.12,0.45,3602
2/25/2026, 10:55:35 AM,operating,ABS-03,145000,14500,90,2500.5,42.5,1.05,0.32,3600
2/25/2026, 10:55:35 AM,operating,ABS-03,142000,13800,90.3,2480.2,43.1,1.04,0.31,3601
2/25/2026, 10:55:35 AM,warning,ABS-03,155000,31000,80,2600,48.2,1.12,0.45,3602
2/25/2026, 10:55:35 AM,operating,ABS-03,145000,14500,90,2500.5,42.5,1.05,0.32,3600
2/25/2026, 10:55:35 AM,operating,ABS-03,142000,13800,90.3,2480.2,43.1,1.04,0.31,3601
2/25/2026, 10:55:35 AM,warning,ABS-03,155000,31000,80,2600,48.2,1.12,0.45,3602
2/25/2026, 10:55:35 AM,operating,ABS-03,145000,14500,90,2500.5,42.5,1.05,0.32,3600
2/25/2026, 10:55:35 AM,operating,ABS-03,142000,13800,90.3,2480.2,43.1,1.04,0.31,3601
2/25/2026, 10:55:35 AM,warning,ABS-03,155000,31000,80,2600,48.2,1.12,0.45,3602
2/25/2026, 10:55:36 AM,operating,ABS-03,145000,14500,90,2500.5,42.5,1.05,0.32,3600
2/25/2026, 10:55:36 AM,operating,ABS-03,142000,13800,90.3,2480.2,43.1,1.04,0.31,3601
2/25/2026, 10:55:36 AM,warning,ABS-03,155000,31000,80,2600,48.2,1.12,0.45,3602
2/25/2026, 10:55:36 AM,operating,ABS-03,145000,14500,90,2500.5,42.5,1.05,0.32,3600
2/25/2026, 10:55:36 AM,operating,ABS-03,142000,13800,90.3,2480.2,43.1,1.04,0.31,3601
2/25/2026, 10:55:36 AM,warning,ABS-03,155000,31000,80,2600,48.2,1.12,0.45,3602
2/25/2026, 10:55:36 AM,operating,ABS-03,145000,14500,90,2500.5,42.5,1.05,0.32,3600
2/25/2026, 10:55:36 AM,operating,ABS-03,142000,13800,90.3,2480.2,43.1,1.04,0.31,3601
2/25/2026, 10:55:36 AM,warning,ABS-03,155000,31000,80,2600,48.2,1.12,0.45,3602
2/25/2026, 10:55:36 AM,operating,ABS-03,145000,14500,90,2500.5,42.5,1.05,0.32,3600
2/25/2026, 10:55:37 AM,operating,ABS-03,142000,13800,90.3,2480.2,43.1,1.04,0.31,3601
2/25/2026, 10:55:37 AM,warning,ABS-03,155000,31000,80,2600,48.2,1.12,0.45,3602
2/25/2026, 10:55:37 AM,operating,ABS-03,145000,14500,90,2500.5,42.5,1.05,0.32,3600
2/25/2026, 10:55:37 AM,operating,ABS-03,142000,13800,90.3,2480.2,43.1,1.04,0.31,3601
2/25/2026, 10:55:37 AM,warning,ABS-03,155000,31000,80,2600,48.2,1.12,0.45,3602
2/25/2026, 10:55:37 AM,operating,ABS-03,145000,14500,90,2500.5,42.5,1.05,0.32,3600
2/25/2026, 10:55:37 AM,operating,ABS-03,142000,13800,90.3,2480.2,43.1,1.04,0.31,3601
2/25/2026, 10:55:37 AM,warning,ABS-03,155000,31000,80,2600,48.2,1.12,0.45,3602
2/25/2026, 10:55:37 AM,operating,ABS-03,145000,14500,90,2500.5,42.5,1.05,0.32,3600
2/25/2026, 10:55:37 AM,operating,ABS-03,142000,13800,90.3,2480.2,43.1,1.04,0.31,3601
2/25/2026, 10:55:38 AM,warning,ABS-03,155000,31000,80,2600,48.2,1.12,0.45,3602
2/25/2026, 10:55:38 AM,operating,ABS-03,145000,14500,90,2500.5,42.5,1.05,0.32,3600
2/25/2026, 10:55:38 AM,operating,ABS-03,142000,13800,90.3,2480.2,43.1,1.04,0.31,3601
2/25/2026, 10:55:38 AM,warning,ABS-03,155000,31000,80,2600,48.2,1.12,0.45,3602
2/25/2026, 10:55:38 AM,operating,ABS-03,145000,14500,90,2500.5,42.5,1.05,0.32,3600
2/25/2026, 10:55:38 AM,operating,ABS-03,142000,13800,90.3,2480.2,43.1,1.04,0.31,3601
2/25/2026, 10:55:38 AM,warning,ABS-03,155000,31000,80,2600,48.2,1.12,0.45,3602
2/25/2026, 10:55:38 AM,operating,ABS-03,145000,14500,90,2500.5,42.5,1.05,0.32,3600
2/25/2026, 10:55:38 AM,operating,ABS-03,142000,13800,90.3,2480.2,43.1,1.04,0.31,3601
2/25/2026, 10:55:38 AM,warning,ABS-03,155000,31000,80,2600,48.2,1.12,0.45,3602
2/25/2026, 10:55:39 AM,operating,ABS-03,145000,14500,90,2500.5,42.5,1.05,0.32,3600
2/25/2026, 10:55:39 AM,operating,ABS-03,142000,13800,90.3,2480.2,43.1,1.04,0.31,3601
2/25/2026, 10:55:39 AM,warning,ABS-03,155000,31000,80,2600,48.2,1.12,0.45,3602
2/25/2026, 10:55:39 AM,operating,ABS-03,145000,14500,90,2500.5,42.5,1.05,0.32,3600
2/25/2026, 10:55:39 AM,operating,ABS-03,142000,13800,90.3,2480.2,43.1,1.04,0.31,3601
2/25/2026, 10:55:39 AM,warning,ABS-03,155000,31000,80,2600,48.2,1.12,0.45,3602
2/25/2026, 10:55:39 AM,operating,ABS-03,145000,14500,90,2500.5,42.5,1.05,0.32,3600
2/25/2026, 10:55:39 AM,operating,ABS-03,142000,13800,90.3,2480.2,43.1,1.04,0.31,3601
2/25/2026, 10:55:39 AM,warning,ABS-03,155000,31000,80,2600,48.2,1.12,0.45,3602
2/25/2026, 10:55:39 AM,operating,ABS-03,145000,14500,90,2500.5,42.5,1.05,0.32,3600
2/25/2026, 10:55:40 AM,operating,ABS-03,142000,13800,90.3,2480.2,43.1,1.04,0.31,3601
2/25/2026, 10:55:40 AM,warning,ABS-03,155000,31000,80,2600,48.2,1.12,0.45,3602
2/25/2026, 10:55:40 AM,operating,ABS-03,145000,14500,90,2500.5,42.5,1.05,0.32,3600
2/25/2026, 10:55:40 AM,operating,ABS-03,142000,13800,90.3,2480.2,43.1,1.04,0.31,3601
2/25/2026, 10:55:40 AM,warning,ABS-03,155000,31000,80,2600,48.2,1.12,0.45,3602
2/25/2026, 10:55:40 AM,operating,ABS-03,145000,14500,90,2500.5,42.5,1.05,0.32,3600
2/25/2026, 10:55:40 AM,operating,ABS-03,142000,13800,90.3,2480.2,43.1,1.04,0.31,3601
2/25/2026, 10:55:40 AM,warning,ABS-03,155000,31000,80,2600,48.2,1.12,0.45,3602
2/25/2026, 10:55:40 AM,operating,ABS-03,145000,14500,90,2500.5,42.5,1.05,0.32,3600
2/25/2026, 10:55:41 AM,operating,ABS-03,142000,13800,90.3,2480.2,43.1,1.04,0.31,3601
2/25/2026, 10:55:41 AM,warning,ABS-03,155000,31000,80,2600,48.2,1.12,0.45,3602
2/25/2026, 10:55:41 AM,operating,ABS-03,145000,14500,90,2500.5,42.5,1.05,0.32,3600
2/25/2026, 10:55:41 AM,operating,ABS-03,142000,13800,90.3,2480.2,43.1,1.04,0.31,3601
2/25/2026, 10:55:41 AM,warning,ABS-03,155000,31000,80,2600,48.2,1.12,0.45,3602
2/25/2026, 10:55:41 AM,operating,ABS-03,145000,14500,90,2500.5,42.5,1.05,0.32,3600
2/25/2026, 10:55:41 AM,operating,ABS-03,142000,13800,90.3,2480.2,43.1,1.04,0.31,3601
2/25/2026, 10:55:41 AM,warning,ABS-03,155000,31000,80,2600,48.2,1.12,0.45,3602
2/25/2026, 10:55:41 AM,operating,ABS-03,145000,14500,90,2500.5,42.5,1.05,0.32,3600
2/25/2026, 10:55:41 AM,operating,ABS-03,142000,13800,90.3,2480.2,43.1,1.04,0.31,3601
2/25/2026, 10:55:42 AM,warning,ABS-03,155000,31000,80,2600,48.2,1.12,0.45,3602
2/25/2026, 10:55:42 AM,operating,ABS-03,145000,14500,90,2500.5,42.5,1.05,0.32,3600
2/25/2026, 10:55:42 AM,operating,ABS-03,142000,13800,90.3,2480.2,43.1,1.04,0.31,3601
2/25/2026, 10:55:42 AM,warning,ABS-03,155000,31000,80,2600,48.2,1.12,0.45,3602
2/25/2026, 10:55:42 AM,operating,ABS-03,145000,14500,90,2500.5,42.5,1.05,0.32,3600
2/25/2026, 10:55:42 AM,operating,ABS-03,142000,13800,90.3,2480.2,43.1,1.04,0.31,3601
2/25/2026, 10:55:42 AM,warning,ABS-03,155000,31000,80,2600,48.2,1.12,0.45,3602
2/25/2026, 10:55:42 AM,operating,ABS-03,145000,14500,90,2500.5,42.5,1.05,0.32,3600
2/25/2026, 10:55:42 AM,operating,ABS-03,142000,13800,90.3,2480.2,43.1,1.04,0.31,3601
2/25/2026, 10:55:42 AM,warning,ABS-03,155000,31000,80,2600,48.2,1.12,0.45,3602
2/25/2026, 10:55:43 AM,operating,ABS-03,145000,14500,90,2500.5,42.5,1.05,0.32,3600
2/25/2026, 10:55:43 AM,operating,ABS-03,142000,13800,90.3,2480.2,43.1,1.04,0.31,3601
2/25/2026, 10:55:43 AM,warning,ABS-03,155000,31000,80,2600,48.2,1.12,0.45,3602
2/25/2026, 10:55:43 AM,operating,ABS-03,145000,14500,90,2500.5,42.5,1.05,0.32,3600
2/25/2026, 10:55:43 AM,operating,ABS-03,142000,13800,90.3,2480.2,43.1,1.04,0.31,3601
2/25/2026, 10:55:43 AM,warning,ABS-03,155000,31000,80,2600,48.2,1.12,0.45,3602
2/25/2026, 10:55:43 AM,operating,ABS-03,145000,14500,90,2500.5,42.5,1.05,0.32,3600
2/25/2026, 10:55:43 AM,operating,ABS-03,142000,13800,90.3,2480.2,43.1,1.04,0.31,3601
2/25/2026, 10:55:43 AM,warning,ABS-03,155000,31000,80,2600,48.2,1.12,0.45,3602
2/25/2026, 10:55:43 AM,operating,ABS-03,145000,14500,90,2500.5,42.5,1.05,0.32,3600
2/25/2026, 10:55:44 AM,operating,ABS-03,142000,13800,90.3,2480.2,43.1,1.04,0.31,3601
2/25/2026, 10:55:44 AM,warning,ABS-03,155000,31000,80,2600,48.2,1.12,0.45,3602
2/25/2026, 10:55:44 AM,operating,ABS-03,145000,14500,90,2500.5,42.5,1.05,0.32,3600
2/25/2026, 10:55:44 AM,operating,ABS-03,142000,13800,90.3,2480.2,43.1,1.04,0.31,3601
2/25/2026, 10:55:44 AM,warning,ABS-03,155000,31000,80,2600,48.2,1.12,0.45,3602
2/25/2026, 10:55:44 AM,operating,ABS-03,145000,14500,90,2500.5,42.5,1.05,0.32,3600
2/25/2026, 10:55:44 AM,operating,ABS-03,142000,13800,90.3,2480.2,43.1,1.04,0.31,3601
2/25/2026, 10:55:44 AM,warning,ABS-03,155000,31000,80,2600,48.2,1.12,0.45,3602
2/25/2026, 10:55:44 AM,operating,ABS-03,145000,14500,90,2500.5,42.5,1.05,0.32,3600
2/25/2026, 10:55:44 AM,operating,ABS-03,142000,13800,90.3,2480.2,43.1,1.04,0.31,3601
2/25/2026, 10:55:45 AM,warning,ABS-03,155000,31000,80,2600,48.2,1.12,0.45,3602
2/25/2026, 10:55:45 AM,operating,ABS-03,145000,14500,90,2500.5,42.5,1.05,0.32,3600
2/25/2026, 10:55:45 AM,operating,ABS-03,142000,13800,90.3,2480.2,43.1,1.04,0.31,3601
2/25/2026, 10:55:45 AM,warning,ABS-03,155000,31000,80,2600,48.2,1.12,0.45,3602
2/25/2026, 10:55:45 AM,operating,ABS-03,145000,14500,90,2500.5,42.5,1.05,0.32,3600
2/25/2026, 10:55:45 AM,operating,ABS-03,142000,13800,90.3,2480.2,43.1,1.04,0.31,3601
2/25/2026, 10:55:45 AM,warning,ABS-03,155000,31000,80,2600,48.2,1.12,0.45,3602
2/25/2026, 10:55:45 AM,operating,ABS-03,145000,14500,90,2500.5,42.5,1.05,0.32,3600
2/25/2026, 10:55:45 AM,operating,ABS-03,142000,13800,90.3,2480.2,43.1,1.04,0.31,3601
2/25/2026, 10:55:45 AM,warning,ABS-03,155000,31000,80,2600,48.2,1.12,0.45,3602
2/25/2026, 10:55:46 AM,operating,ABS-03,145000,14500,90,2500.5,42.5,1.05,0.32,3600
2/25/2026, 10:55:46 AM,operating,ABS-03,142000,13800,90.3,2480.2,43.1,1.04,0.31,3601
2/25/2026, 10:55:46 AM,warning,ABS-03,155000,31000,80,2600,48.2,1.12,0.45,3602
2/25/2026, 10:55:46 AM,operating,ABS-03,145000,14500,90,2500.5,42.5,1.05,0.32,3600
2/25/2026, 10:55:46 AM,operating,ABS-03,142000,13800,90.3,2480.2,43.1,1.04,0.31,3601
2/25/2026, 10:55:46 AM,warning,ABS-03,155000,31000,80,2600,48.2,1.12,0.45,3602
2/25/2026, 10:55:46 AM,operating,ABS-03,145000,14500,90,2500.5,42.5,1.05,0.32,3600
2/25/2026, 10:55:46 AM,operating,ABS-03,142000,13800,90.3,2480.2,43.1,1.04,0.31,3601
2/25/2026, 10:55:46 AM,warning,ABS-03,155000,31000,80,2600,48.2,1.12,0.45,3602
2/25/2026, 10:55:46 AM,operating,ABS-03,145000,14500,90,2500.5,42.5,1.05,0.32,3600
2/25/2026, 10:55:47 AM,operating,ABS-03,142000,13800,90.3,2480.2,43.1,1.04,0.31,3601
2/25/2026, 10:55:47 AM,warning,ABS-03,155000,31000,80,2600,48.2,1.12,0.45,3602
2/25/2026, 10:55:47 AM,operating,ABS-03,145000,14500,90,2500.5,42.5,1.05,0.32,3600
2/25/2026, 10:55:47 AM,operating,ABS-03,142000,13800,90.3,2480.2,43.1,1.04,0.31,3601
2/25/2026, 10:55:47 AM,warning,ABS-03,155000,31000,80,2600,48.2,1.12,0.45,3602
2/25/2026, 10:55:47 AM,operating,ABS-03,145000,14500,90,2500.5,42.5,1.05,0.32,3600
2/25/2026, 10:55:47 AM,operating,ABS-03,142000,13800,90.3,2480.2,43.1,1.04,0.31,3601
2/25/2026, 10:55:47 AM,warning,ABS-03,155000,31000,80,2600,48.2,1.12,0.45,3602
2/25/2026, 10:55:47 AM,operating,ABS-03,145000,14500,90,2500.5,42.5,1.05,0.32,3600
2/25/2026, 10:55:47 AM,operating,ABS-03,142000,13800,90.3,2480.2,43.1,1.04,0.31,3601
2/25/2026, 10:55:48 AM,warning,ABS-03,155000,31000,80,2600,48.2,1.12,0.45,3602
2/25/2026, 10:55:48 AM,operating,ABS-03,145000,14500,90,2500.5,42.5,1.05,0.32,3600
2/25/2026, 10:55:48 AM,operating,ABS-03,142000,13800,90.3,2480.2,43.1,1.04,0.31,3601
2/25/2026, 10:55:48 AM,warning,ABS-03,155000,31000,80,2600,48.2,1.12,0.45,3602
2/25/2026, 10:55:48 AM,operating,ABS-03,145000,14500,90,2500.5,42.5,1.05,0.32,3600
2/25/2026, 10:55:48 AM,operating,ABS-03,142000,13800,90.3,2480.2,43.1,1.04,0.31,3601
2/25/2026, 10:55:48 AM,warning,ABS-03,155000,31000,80,2600,48.2,1.12,0.45,3602
2/25/2026, 10:55:48 AM,operating,ABS-03,145000,14500,90,2500.5,42.5,1.05,0.32,3600
2/25/2026, 10:55:48 AM,operating,ABS-03,142000,13800,90.3,2480.2,43.1,1.04,0.31,3601
2/25/2026, 10:55:48 AM,warning,ABS-03,155000,31000,80,2600,48.2,1.12,0.45,3602
2/25/2026, 10:55:49 AM,operating,ABS-03,145000,14500,90,2500.5,42.5,1.05,0.32,3600
2/25/2026, 10:55:49 AM,operating,ABS-03,142000,13800,90.3,2480.2,43.1,1.04,0.31,3601
2/25/2026, 10:55:49 AM,warning,ABS-03,155000,31000,80,2600,48.2,1.12,0.45,3602
2/25/2026, 10:55:49 AM,operating,ABS-03,145000,14500,90,2500.5,42.5,1.05,0.32,3600
2/25/2026, 10:55:49 AM,operating,ABS-03,142000,13800,90.3,2480.2,43.1,1.04,0.31,3601
2/25/2026, 10:55:49 AM,warning,ABS-03,155000,31000,80,2600,48.2,1.12,0.45,3602
2/25/2026, 10:55:49 AM,operating,ABS-03,145000,14500,90,2500.5,42.5,1.05,0.32,3600
2/25/2026, 10:55:49 AM,operating,ABS-03,142000,13800,90.3,2480.2,43.1,1.04,0.31,3601
2/25/2026, 10:55:49 AM,warning,ABS-03,155000,31000,80,2600,48.2,1.12,0.45,3602
2/25/2026, 10:55:49 AM,operating,ABS-03,145000,14500,90,2500.5,42.5,1.05,0.32,3600
2/25/2026, 10:55:50 AM,operating,ABS-03,142000,13800,90.3,2480.2,43.1,1.04,0.31,3601
2/25/2026, 10:55:50 AM,warning,ABS-03,155000,31000,80,2600,48.2,1.12,0.45,3602
2/25/2026, 10:55:50 AM,operating,ABS-03,145000,14500,90,2500.5,42.5,1.05,0.32,3600
2/25/2026, 10:55:50 AM,operating,ABS-03,142000,13800,90.3,2480.2,43.1,1.04,0.31,3601
2/25/2026, 10:55:50 AM,warning,ABS-03,155000,31000,80,2600,48.2,1.12,0.45,3602
2/25/2026, 10:55:50 AM,operating,ABS-03,145000,14500,90,2500.5,42.5,1.05,0.32,3600
2/25/2026, 10:55:50 AM,operating,ABS-03,142000,13800,90.3,2480.2,43.1,1.04,0.31,3601
2/25/2026, 10:55:50 AM,warning,ABS-03,155000,31000,80,2600,48.2,1.12,0.45,3602
2/25/2026, 10:55:50 AM,operating,ABS-03,145000,14500,90,2500.5,42.5,1.05,0.32,3600
2/25/2026, 10:55:51 AM,operating,ABS-03,142000,13800,90.3,2480.2,43.1,1.04,0.31,3601
2/25/2026, 10:55:51 AM,warning,ABS-03,155000,31000,80,2600,48.2,1.12,0.45,3602
2/25/2026, 10:55:51 AM,operating,ABS-03,145000,14500,90,2500.5,42.5,1.05,0.32,3600
2/25/2026, 10:55:51 AM,operating,ABS-03,142000,13800,90.3,2480.2,43.1,1.04,0.31,3601
2/25/2026, 10:55:51 AM,warning,ABS-03,155000,31000,80,2600,48.2,1.12,0.45,3602
2/25/2026, 10:55:51 AM,operating,ABS-03,145000,14500,90,2500.5,42.5,1.05,0.32,3600
2/25/2026, 10:55:51 AM,operating,ABS-03,142000,13800,90.3,2480.2,43.1,1.04,0.31,3601
2/25/2026, 10:55:51 AM,warning,ABS-03,155000,31000,80,2600,48.2,1.12,0.45,3602
2/25/2026, 10:55:51 AM,operating,ABS-03,145000,14500,90,2500.5,42.5,1.05,0.32,3600
2/25/2026, 10:55:51 AM,operating,ABS-03,142000,13800,90.3,2480.2,43.1,1.04,0.31,3601
2/25/2026, 10:55:52 AM,warning,ABS-03,155000,31000,80,2600,48.2,1.12,0.45,3602
2/25/2026, 10:55:52 AM,operating,ABS-03,145000,14500,90,2500.5,42.5,1.05,0.32,3600
2/25/2026, 10:55:52 AM,operating,ABS-03,142000,13800,90.3,2480.2,43.1,1.04,0.31,3601
2/25/2026, 10:55:52 AM,warning,ABS-03,155000,31000,80,2600,48.2,1.12,0.45,3602
2/25/2026, 10:55:52 AM,operating,ABS-03,145000,14500,90,2500.5,42.5,1.05,0.32,3600
2/25/2026, 10:55:52 AM,operating,ABS-03,142000,13800,90.3,2480.2,43.1,1.04,0.31,3601
2/25/2026, 10:55:52 AM,warning,ABS-03,155000,31000,80,2600,48.2,1.12,0.45,3602
2/25/2026, 10:55:52 AM,operating,ABS-03,145000,14500,90,2500.5,42.5,1.05,0.32,3600
2/25/2026, 10:55:52 AM,operating,ABS-03,142000,13800,90.3,2480.2,43.1,1.04,0.31,3601
2/25/2026, 10:55:52 AM,warning,ABS-03,155000,31000,80,2600,48.2,1.12,0.45,3602
2/25/2026, 10:55:53 AM,operating,ABS-03,145000,14500,90,2500.5,42.5,1.05,0.32,3600
2/25/2026, 10:55:53 AM,operating,ABS-03,142000,13800,90.3,2480.2,43.1,1.04,0.31,3601
2/25/2026, 10:55:53 AM,warning,ABS-03,155000,31000,80,2600,48.2,1.12,0.45,3602
2/25/2026, 10:55:53 AM,operating,ABS-03,145000,14500,90,2500.5,42.5,1.05,0.32,3600
2/25/2026, 10:55:53 AM,operating,ABS-03,142000,13800,90.3,2480.2,43.1,1.04,0.31,3601
2/25/2026, 10:55:53 AM,warning,ABS-03,155000,31000,80,2600,48.2,1.12,0.45,3602
2/25/2026, 10:55:53 AM,operating,ABS-03,145000,14500,90,2500.5,42.5,1.05,0.32,3600
2/25/2026, 10:55:53 AM,operating,ABS-03,142000,13800,90.3,2480.2,43.1,1.04,0.31,3601
2/25/2026, 10:55:53 AM,warning,ABS-03,155000,31000,80,2600,48.2,1.12,0.45,3602
2/25/2026, 10:55:53 AM,operating,ABS-03,145000,14500,90,2500.5,42.5,1.05,0.32,3600
2/25/2026, 10:55:54 AM,operating,ABS-03,142000,13800,90.3,2480.2,43.1,1.04,0.31,3601
2/25/2026, 10:55:54 AM,warning,ABS-03,155000,31000,80,2600,48.2,1.12,0.45,3602
2/25/2026, 10:55:54 AM,operating,ABS-03,145000,14500,90,2500.5,42.5,1.05,0.32,3600
2/25/2026, 10:55:54 AM,operating,ABS-03,142000,13800,90.3,2480.2,43.1,1.04,0.31,3601
2/25/2026, 10:55:54 AM,warning,ABS-03,155000,31000,80,2600,48.2,1.12,0.45,3602
2/25/2026, 10:55:54 AM,operating,ABS-03,145000,14500,90,2500.5,42.5,1.05,0.32,3600
2/25/2026, 10:55:54 AM,operating,ABS-03,142000,13800,90.3,2480.2,43.1,1.04,0.31,3601
2/25/2026, 10:55:54 AM,warning,ABS-03,155000,31000,80,2600,48.2,1.12,0.45,3602
2/25/2026, 10:55:54 AM,operating,ABS-03,145000,14500,90,2500.5,42.5,1.05,0.32,3600
2/25/2026, 10:55:54 AM,operating,ABS-03,142000,13800,90.3,2480.2,43.1,1.04,0.31,3601
2/25/2026, 10:55:55 AM,warning,ABS-03,155000,31000,80,2600,48.2,1.12,0.45,3602
2/25/2026, 10:55:55 AM,operating,ABS-03,145000,14500,90,2500.5,42.5,1.05,0.32,3600
2/25/2026, 10:55:55 AM,operating,ABS-03,142000,13800,90.3,2480.2,43.1,1.04,0.31,3601
2/25/2026, 10:55:55 AM,warning,ABS-03,155000,31000,80,2600,48.2,1.12,0.45,3602
2/25/2026, 10:55:55 AM,operating,ABS-03,145000,14500,90,2500.5,42.5,1.05,0.32,3600
2/25/2026, 10:55:55 AM,operating,ABS-03,142000,13800,90.3,2480.2,43.1,1.04,0.31,3601
2/25/2026, 10:55:55 AM,warning,ABS-03,155000,31000,80,2600,48.2,1.12,0.45,3602
2/25/2026, 10:55:55 AM,operating,ABS-03,145000,14500,90,2500.5,42.5,1.05,0.32,3600
2/25/2026, 10:55:55 AM,operating,ABS-03,142000,13800,90.3,2480.2,43.1,1.04,0.31,3601
2/25/2026, 10:55:55 AM,warning,ABS-03,155000,31000,80,2600,48.2,1.12,0.45,3602
2/25/2026, 10:55:56 AM,operating,ABS-03,145000,14500,90,2500.5,42.5,1.05,0.32,3600
2/25/2026, 10:55:56 AM,operating,ABS-03,142000,13800,90.3,2480.2,43.1,1.04,0.31,3601
2/25/2026, 10:55:56 AM,warning,ABS-03,155000,31000,80,2600,48.2,1.12,0.45,3602
2/25/2026, 10:55:56 AM,operating,ABS-03,145000,14500,90,2500.5,42.5,1.05,0.32,3600
2/25/2026, 10:55:56 AM,operating,ABS-03,142000,13800,90.3,2480.2,43.1,1.04,0.31,3601
2/25/2026, 10:55:56 AM,warning,ABS-03,155000,31000,80,2600,48.2,1.12,0.45,3602
2/25/2026, 10:55:56 AM,operating,ABS-03,145000,14500,90,2500.5,42.5,1.05,0.32,3600
2/25/2026, 10:55:56 AM,operating,ABS-03,142000,13800,90.3,2480.2,43.1,1.04,0.31,3601
2/25/2026, 10:55:56 AM,warning,ABS-03,155000,31000,80,2600,48.2,1.12,0.45,3602
2/25/2026, 10:55:56 AM,operating,ABS-03,145000,14500,90,2500.5,42.5,1.05,0.32,3600
2/25/2026, 10:55:57 AM,operating,ABS-03,142000,13800,90.3,2480.2,43.1,1.04,0.31,3601
2/25/2026, 10:55:57 AM,warning,ABS-03,155000,31000,80,2600,48.2,1.12,0.45,3602
2/25/2026, 10:55:57 AM,operating,ABS-03,145000,14500,90,2500.5,42.5,1.05,0.32,3600
2/25/2026, 10:55:57 AM,operating,ABS-03,142000,13800,90.3,2480.2,43.1,1.04,0.31,3601
2/25/2026, 10:55:57 AM,warning,ABS-03,155000,31000,80,2600,48.2,1.12,0.45,3602
2/25/2026, 10:55:57 AM,operating,ABS-03,145000,14500,90,2500.5,42.5,1.05,0.32,3600
2/25/2026, 10:55:57 AM,operating,ABS-03,142000,13800,90.3,2480.2,43.1,1.04,0.31,3601
2/25/2026, 10:55:57 AM,warning,ABS-03,155000,31000,80,2600,48.2,1.12,0.45,3602
2/25/2026, 10:55:57 AM,operating,ABS-03,145000,14500,90,2500.5,42.5,1.05,0.32,3600
2/25/2026, 10:55:57 AM,operating,ABS-03,142000,13800,90.3,2480.2,43.1,1.04,0.31,3601
2/25/2026, 10:55:58 AM,warning,ABS-03,155000,31000,80,2600,48.2,1.12,0.45,3602
2/25/2026, 10:55:58 AM,operating,ABS-03,145000,14500,90,2500.5,42.5,1.05,0.32,3600
2/25/2026, 10:55:58 AM,operating,ABS-03,142000,13800,90.3,2480.2,43.1,1.04,0.31,3601
2/25/2026, 10:55:58 AM,warning,ABS-03,155000,31000,80,2600,48.2,1.12,0.45,3602
2/25/2026, 10:55:58 AM,operating,ABS-03,145000,14500,90,2500.5,42.5,1.05,0.32,3600
2/25/2026, 10:55:58 AM,operating,ABS-03,142000,13800,90.3,2480.2,43.1,1.04,0.31,3601
2/25/2026, 10:55:58 AM,warning,ABS-03,155000,31000,80,2600,48.2,1.12,0.45,3602
2/25/2026, 10:55:58 AM,operating,ABS-03,145000,14500,90,2500.5,42.5,1.05,0.32,3600
2/25/2026, 10:55:58 AM,operating,ABS-03,142000,13800,90.3,2480.2,43.1,1.04,0.31,3601
2/25/2026, 10:55:58 AM,warning,ABS-03,155000,31000,80,2600,48.2,1.12,0.45,3602
2/25/2026, 10:55:59 AM,operating,ABS-03,145000,14500,90,2500.5,42.5,1.05,0.32,3600
2/25/2026, 10:55:59 AM,operating,ABS-03,142000,13800,90.3,2480.2,43.1,1.04,0.31,3601
2/25/2026, 10:55:59 AM,warning,ABS-03,155000,31000,80,2600,48.2,1.12,0.45,3602
2/25/2026, 10:55:59 AM,operating,ABS-03,145000,14500,90,2500.5,42.5,1.05,0.32,3600
2/25/2026, 10:55:59 AM,operating,ABS-03,142000,13800,90.3,2480.2,43.1,1.04,0.31,3601
2/25/2026, 10:55:59 AM,warning,ABS-03,155000,31000,80,2600,48.2,1.12,0.45,3602
2/25/2026, 10:55:59 AM,operating,ABS-03,145000,14500,90,2500.5,42.5,1.05,0.32,3600
2/25/2026, 10:55:59 AM,operating,ABS-03,142000,13800,90.3,2480.2,43.1,1.04,0.31,3601
2/25/2026, 10:55:59 AM,warning,ABS-03,155000,31000,80,2600,48.2,1.12,0.45,3602
2/25/2026, 10:55:59 AM,operating,ABS-03,145000,14500,90,2500.5,42.5,1.05,0.32,3600
2/25/2026, 10:56:00 AM,operating,ABS-03,142000,13800,90.3,2480.2,43.1,1.04,0.31,3601
2/25/2026, 10:56:00 AM,warning,ABS-03,155000,31000,80,2600,48.2,1.12,0.45,3602
2/25/2026, 10:56:00 AM,operating,ABS-03,145000,14500,90,2500.5,42.5,1.05,0.32,3600
2/25/2026, 10:56:00 AM,operating,ABS-03,142000,13800,90.3,2480.2,43.1,1.04,0.31,3601
2/25/2026, 10:56:00 AM,warning,ABS-03,155000,31000,80,2600,48.2,1.12,0.45,3602
2/25/2026, 10:56:00 AM,operating,ABS-03,145000,14500,90,2500.5,42.5,1.05,0.32,3600
2/25/2026, 10:56:00 AM,operating,ABS-03,142000,13800,90.3,2480.2,43.1,1.04,0.31,3601
2/25/2026, 10:56:00 AM,warning,ABS-03,155000,31000,80,2600,48.2,1.12,0.45,3602
2/25/2026, 10:56:00 AM,operating,ABS-03,145000,14500,90,2500.5,42.5,1.05,0.32,3600
2/25/2026, 10:56:01 AM,operating,ABS-03,142000,13800,90.3,2480.2,43.1,1.04,0.31,3601
2/25/2026, 10:56:01 AM,warning,ABS-03,155000,31000,80,2600,48.2,1.12,0.45,3602
2/25/2026, 10:56:01 AM,operating,ABS-03,145000,14500,90,2500.5,42.5,1.05,0.32,3600
2/25/2026, 10:56:01 AM,operating,ABS-03,142000,13800,90.3,2480.2,43.1,1.04,0.31,3601
2/25/2026, 10:56:01 AM,warning,ABS-03,155000,31000,80,2600,48.2,1.12,0.45,3602
2/25/2026, 10:56:01 AM,operating,ABS-03,145000,14500,90,2500.5,42.5,1.05,0.32,3600
2/25/2026, 10:56:01 AM,operating,ABS-03,142000,13800,90.3,2480.2,43.1,1.04,0.31,3601
2/25/2026, 10:56:01 AM,warning,ABS-03,155000,31000,80,2600,48.2,1.12,0.45,3602
2/25/2026, 10:56:01 AM,operating,ABS-03,145000,14500,90,2500.5,42.5,1.05,0.32,3600
2/25/2026, 10:56:01 AM,operating,ABS-03,142000,13800,90.3,2480.2,43.1,1.04,0.31,3601
2/25/2026, 10:56:02 AM,warning,ABS-03,155000,31000,80,2600,48.2,1.12,0.45,3602
2/25/2026, 10:56:02 AM,operating,ABS-03,145000,14500,90,2500.5,42.5,1.05,0.32,3600
2/25/2026, 10:56:02 AM,operating,ABS-03,142000,13800,90.3,2480.2,43.1,1.04,0.31,3601
2/25/2026, 10:56:02 AM,warning,ABS-03,155000,31000,80,2600,48.2,1.12,0.45,3602
2/25/2026, 10:56:02 AM,operating,ABS-03,145000,14500,90,2500.5,42.5,1.05,0.32,3600
2/25/2026, 10:56:02 AM,operating,ABS-03,142000,13800,90.3,2480.2,43.1,1.04,0.31,3601
2/25/2026, 10:56:02 AM,warning,ABS-03,155000,31000,80,2600,48.2,1.12,0.45,3602
2/25/2026, 10:56:02 AM,operating,ABS-03,145000,14500,90,2500.5,42.5,1.05,0.32,3600
2/25/2026, 10:56:02 AM,operating,ABS-03,142000,13800,90.3,2480.2,43.1,1.04,0.31,3601
2/25/2026, 10:56:02 AM,warning,ABS-03,155000,31000,80,2600,48.2,1.12,0.45,3602
2/25/2026, 10:56:03 AM,operating,ABS-03,145000,14500,90,2500.5,42.5,1.05,0.32,3600
2/25/2026, 10:56:03 AM,operating,ABS-03,142000,13800,90.3,2480.2,43.1,1.04,0.31,3601
2/25/2026, 10:56:03 AM,warning,ABS-03,155000,31000,80,2600,48.2,1.12,0.45,3602
2/25/2026, 10:56:03 AM,operating,ABS-03,145000,14500,90,2500.5,42.5,1.05,0.32,3600
2/25/2026, 10:56:03 AM,operating,ABS-03,142000,13800,90.3,2480.2,43.1,1.04,0.31,3601
2/25/2026, 10:56:03 AM,warning,ABS-03,155000,31000,80,2600,48.2,1.12,0.45,3602
2/25/2026, 10:56:03 AM,operating,ABS-03,145000,14500,90,2500.5,42.5,1.05,0.32,3600
2/25/2026, 10:56:03 AM,operating,ABS-03,142000,13800,90.3,2480.2,43.1,1.04,0.31,3601
2/25/2026, 10:56:03 AM,warning,ABS-03,155000,31000,80,2600,48.2,1.12,0.45,3602
2/25/2026, 10:56:03 AM,operating,ABS-03,145000,14500,90,2500.5,42.5,1.05,0.32,3600
2/25/2026, 10:56:04 AM,operating,ABS-03,142000,13800,90.3,2480.2,43.1,1.04,0.31,3601
2/25/2026, 10:56:04 AM,warning,ABS-03,155000,31000,80,2600,48.2,1.12,0.45,3602
2/25/2026, 10:56:04 AM,operating,ABS-03,145000,14500,90,2500.5,42.5,1.05,0.32,3600
2/25/2026, 10:56:04 AM,operating,ABS-03,142000,13800,90.3,2480.2,43.1,1.04,0.31,3601
2/25/2026, 10:56:04 AM,warning,ABS-03,155000,31000,80,2600,48.2,1.12,0.45,3602
2/25/2026, 10:56:04 AM,operating,ABS-03,145000,14500,90,2500.5,42.5,1.05,0.32,3600
2/25/2026, 10:56:04 AM,operating,ABS-03,142000,13800,90.3,2480.2,43.1,1.04,0.31,3601
2/25/2026, 10:56:04 AM,warning,ABS-03,155000,31000,80,2600,48.2,1.12,0.45,3602
2/25/2026, 10:56:04 AM,operating,ABS-03,145000,14500,90,2500.5,42.5,1.05,0.32,3600
2/25/2026, 10:56:04 AM,operating,ABS-03,142000,13800,90.3,2480.2,43.1,1.04,0.31,3601
2/25/2026, 10:56:05 AM,warning,ABS-03,155000,31000,80,2600,48.2,1.12,0.45,3602
2/25/2026, 10:56:05 AM,operating,ABS-03,145000,14500,90,2500.5,42.5,1.05,0.32,3600
2/25/2026, 10:56:05 AM,operating,ABS-03,142000,13800,90.3,2480.2,43.1,1.04,0.31,3601
2/25/2026, 10:56:05 AM,warning,ABS-03,155000,31000,80,2600,48.2,1.12,0.45,3602
2/25/2026, 10:56:05 AM,operating,ABS-03,145000,14500,90,2500.5,42.5,1.05,0.32,3600
2/25/2026, 10:56:05 AM,operating,ABS-03,142000,13800,90.3,2480.2,43.1,1.04,0.31,3601
2/25/2026, 10:56:05 AM,warning,ABS-03,155000,31000,80,2600,48.2,1.12,0.45,3602
2/25/2026, 10:56:05 AM,operating,ABS-03,145000,14500,90,2500.5,42.5,1.05,0.32,3600
2/25/2026, 10:56:05 AM,operating,ABS-03,142000,13800,90.3,2480.2,43.1,1.04,0.31,3601
2/25/2026, 10:56:05 AM,warning,ABS-03,155000,31000,80,2600,48.2,1.12,0.45,3602
2/25/2026, 10:56:06 AM,operating,ABS-03,145000,14500,90,2500.5,42.5,1.05,0.32,3600
2/25/2026, 10:56:06 AM,operating,ABS-03,142000,13800,90.3,2480.2,43.1,1.04,0.31,3601
2/25/2026, 10:56:06 AM,warning,ABS-03,155000,31000,80,2600,48.2,1.12,0.45,3602
2/25/2026, 10:56:06 AM,operating,ABS-03,145000,14500,90,2500.5,42.5,1.05,0.32,3600
2/25/2026, 10:56:06 AM,operating,ABS-03,142000,13800,90.3,2480.2,43.1,1.04,0.31,3601
2/25/2026, 10:56:06 AM,warning,ABS-03,155000,31000,80,2600,48.2,1.12,0.45,3602
2/25/2026, 10:56:06 AM,operating,ABS-03,145000,14500,90,2500.5,42.5,1.05,0.32,3600
2/25/2026, 10:56:06 AM,operating,ABS-03,142000,13800,90.3,2480.2,43.1,1.04,0.31,3601
2/25/2026, 10:56:06 AM,warning,ABS-03,155000,31000,80,2600,48.2,1.12,0.45,3602
2/25/2026, 10:56:06 AM,operating,ABS-03,145000,14500,90,2500.5,42.5,1.05,0.32,3600
2/25/2026, 10:56:07 AM,operating,ABS-03,142000,13800,90.3,2480.2,43.1,1.04,0.31,3601
2/25/2026, 10:56:07 AM,warning,ABS-03,155000,31000,80,2600,48.2,1.12,0.45,3602
2/25/2026, 10:56:07 AM,operating,ABS-03,145000,14500,90,2500.5,42.5,1.05,0.32,3600
2/25/2026, 10:56:07 AM,operating,ABS-03,142000,13800,90.3,2480.2,43.1,1.04,0.31,3601
2/25/2026, 10:56:07 AM,warning,ABS-03,155000,31000,80,2600,48.2,1.12,0.45,3602
2/25/2026, 10:56:07 AM,operating,ABS-03,145000,14500,90,2500.5,42.5,1.05,0.32,3600
2/25/2026, 10:56:07 AM,operating,ABS-03,142000,13800,90.3,2480.2,43.1,1.04,0.31,3601
2/25/2026, 10:56:07 AM,warning,ABS-03,155000,31000,80,2600,48.2,1.12,0.45,3602
2/25/2026, 10:56:07 AM,operating,ABS-03,145000,14500,90,2500.5,42.5,1.05,0.32,3600
2/25/2026, 10:56:07 AM,operating,ABS-03,142000,13800,90.3,2480.2,43.1,1.04,0.31,3601
2/25/2026, 10:56:08 AM,warning,ABS-03,155000,31000,80,2600,48.2,1.12,0.45,3602
2/25/2026, 10:56:08 AM,operating,ABS-03,145000,14500,90,2500.5,42.5,1.05,0.32,3600
2/25/2026, 10:56:08 AM,operating,ABS-03,142000,13800,90.3,2480.2,43.1,1.04,0.31,3601
2/25/2026, 10:56:08 AM,warning,ABS-03,155000,31000,80,2600,48.2,1.12,0.45,3602
2/25/2026, 10:56:08 AM,operating,ABS-03,145000,14500,90,2500.5,42.5,1.05,0.32,3600
2/25/2026, 10:56:08 AM,operating,ABS-03,142000,13800,90.3,2480.2,43.1,1.04,0.31,3601
2/25/2026, 10:56:08 AM,warning,ABS-03,155000,31000,80,2600,48.2,1.12,0.45,3602
2/25/2026, 10:56:08 AM,operating,ABS-03,145000,14500,90,2500.5,42.5,1.05,0.32,3600
2/25/2026, 10:56:08 AM,operating,ABS-03,142000,13800,90.3,2480.2,43.1,1.04,0.31,3601
2/25/2026, 10:56:08 AM,warning,ABS-03,155000,31000,80,2600,48.2,1.12,0.45,3602
2/25/2026, 10:56:09 AM,operating,ABS-03,145000,14500,90,2500.5,42.5,1.05,0.32,3600
2/25/2026, 10:56:09 AM,operating,ABS-03,142000,13800,90.3,2480.2,43.1,1.04,0.31,3601
2/25/2026, 10:56:09 AM,warning,ABS-03,155000,31000,80,2600,48.2,1.12,0.45,3602
2/25/2026, 10:56:09 AM,operating,ABS-03,145000,14500,90,2500.5,42.5,1.05,0.32,3600
2/25/2026, 10:56:09 AM,operating,ABS-03,142000,13800,90.3,2480.2,43.1,1.04,0.31,3601
2/25/2026, 10:56:09 AM,warning,ABS-03,155000,31000,80,2600,48.2,1.12,0.45,3602
2/25/2026, 10:56:09 AM,operating,ABS-03,145000,14500,90,2500.5,42.5,1.05,0.32,3600
2/25/2026, 10:56:09 AM,operating,ABS-03,142000,13800,90.3,2480.2,43.1,1.04,0.31,3601
2/25/2026, 10:56:09 AM,warning,ABS-03,155000,31000,80,2600,48.2,1.12,0.45,3602
2/25/2026, 10:56:10 AM,operating,ABS-03,145000,14500,90,2500.5,42.5,1.05,0.32,3600
2/25/2026, 10:56:10 AM,operating,ABS-03,142000,13800,90.3,2480.2,43.1,1.04,0.31,3601
2/25/2026, 10:56:10 AM,warning,ABS-03,155000,31000,80,2600,48.2,1.12,0.45,3602
2/25/2026, 10:56:10 AM,operating,ABS-03,145000,14500,90,2500.5,42.5,1.05,0.32,3600
2/25/2026, 10:56:10 AM,operating,ABS-03,142000,13800,90.3,2480.2,43.1,1.04,0.31,3601
2/25/2026, 10:56:10 AM,warning,ABS-03,155000,31000,80,2600,48.2,1.12,0.45,3602
2/25/2026, 10:56:10 AM,operating,ABS-03,145000,14500,90,2500.5,42.5,1.05,0.32,3600
2/25/2026, 10:56:10 AM,operating,ABS-03,142000,13800,90.3,2480.2,43.1,1.04,0.31,3601
2/25/2026, 10:56:10 AM,warning,ABS-03,155000,31000,80,2600,48.2,1.12,0.45,3602
2/25/2026, 10:56:10 AM,operating,ABS-03,145000,14500,90,2500.5,42.5,1.05,0.32,3600
2/25/2026, 10:56:11 AM,operating,ABS-03,142000,13800,90.3,2480.2,43.1,1.04,0.31,3601
2/25/2026, 10:56:11 AM,warning,ABS-03,155000,31000,80,2600,48.2,1.12,0.45,3602
2/25/2026, 10:56:11 AM,operating,ABS-03,145000,14500,90,2500.5,42.5,1.05,0.32,3600
2/25/2026, 10:56:11 AM,operating,ABS-03,142000,13800,90.3,2480.2,43.1,1.04,0.31,3601
2/25/2026, 10:56:11 AM,warning,ABS-03,155000,31000,80,2600,48.2,1.12,0.45,3602
2/25/2026, 10:56:11 AM,operating,ABS-03,145000,14500,90,2500.5,42.5,1.05,0.32,3600
2/25/2026, 10:56:11 AM,operating,ABS-03,142000,13800,90.3,2480.2,43.1,1.04,0.31,3601
2/25/2026, 10:56:11 AM,warning,ABS-03,155000,31000,80,2600,48.2,1.12,0.45,3602
2/25/2026, 10:56:11 AM,operating,ABS-03,145000,14500,90,2500.5,42.5,1.05,0.32,3600
2/25/2026, 10:56:11 AM,operating,ABS-03,142000,13800,90.3,2480.2,43.1,1.04,0.31,3601
2/25/2026, 10:56:12 AM,warning,ABS-03,155000,31000,80,2600,48.2,1.12,0.45,3602
2/25/2026, 10:56:12 AM,operating,ABS-03,145000,14500,90,2500.5,42.5,1.05,0.32,3600
2/25/2026, 10:56:12 AM,operating,ABS-03,142000,13800,90.3,2480.2,43.1,1.04,0.31,3601
2/25/2026, 10:56:12 AM,warning,ABS-03,155000,31000,80,2600,48.2,1.12,0.45,3602
2/25/2026, 10:56:12 AM,operating,ABS-03,145000,14500,90,2500.5,42.5,1.05,0.32,3600
2/25/2026, 10:56:12 AM,operating,ABS-03,142000,13800,90.3,2480.2,43.1,1.04,0.31,3601
2/25/2026, 10:56:12 AM,warning,ABS-03,155000,31000,80,2600,48.2,1.12,0.45,3602
2/25/2026, 10:56:12 AM,operating,ABS-03,145000,14500,90,2500.5,42.5,1.05,0.32,3600
2/25/2026, 10:56:12 AM,operating,ABS-03,142000,13800,90.3,2480.2,43.1,1.04,0.31,3601
2/25/2026, 10:56:12 AM,warning,ABS-03,155000,31000,80,2600,48.2,1.12,0.45,3602
2/25/2026, 10:56:13 AM,operating,ABS-03,145000,14500,90,2500.5,42.5,1.05,0.32,3600
2/25/2026, 10:56:13 AM,operating,ABS-03,142000,13800,90.3,2480.2,43.1,1.04,0.31,3601
2/25/2026, 10:56:13 AM,warning,ABS-03,155000,31000,80,2600,48.2,1.12,0.45,3602
2/25/2026, 10:56:13 AM,operating,ABS-03,145000,14500,90,2500.5,42.5,1.05,0.32,3600
2/25/2026, 10:56:13 AM,operating,ABS-03,142000,13800,90.3,2480.2,43.1,1.04,0.31,3601
2/25/2026, 10:56:13 AM,warning,ABS-03,155000,31000,80,2600,48.2,1.12,0.45,3602
2/25/2026, 10:56:13 AM,operating,ABS-03,145000,14500,90,2500.5,42.5,1.05,0.32,3600
2/25/2026, 10:56:13 AM,operating,ABS-03,142000,13800,90.3,2480.2,43.1,1.04,0.31,3601
2/25/2026, 10:56:13 AM,warning,ABS-03,155000,31000,80,2600,48.2,1.12,0.45,3602
2/25/2026, 10:56:13 AM,operating,ABS-03,145000,14500,90,2500.5,42.5,1.05,0.32,3600
2/25/2026, 10:56:14 AM,operating,ABS-03,142000,13800,90.3,2480.2,43.1,1.04,0.31,3601
2/25/2026, 10:56:14 AM,warning,ABS-03,155000,31000,80,2600,48.2,1.12,0.45,3602
2/25/2026, 10:56:14 AM,operating,ABS-03,145000,14500,90,2500.5,42.5,1.05,0.32,3600
2/25/2026, 10:56:14 AM,operating,ABS-03,142000,13800,90.3,2480.2,43.1,1.04,0.31,3601
2/25/2026, 10:56:14 AM,warning,ABS-03,155000,31000,80,2600,48.2,1.12,0.45,3602
2/25/2026, 10:56:14 AM,operating,ABS-03,145000,14500,90,2500.5,42.5,1.05,0.32,3600
2/25/2026, 10:56:14 AM,operating,ABS-03,142000,13800,90.3,2480.2,43.1,1.04,0.31,3601
2/25/2026, 10:56:14 AM,warning,ABS-03,155000,31000,80,2600,48.2,1.12,0.45,3602
2/25/2026, 10:56:14 AM,operating,ABS-03,145000,14500,90,2500.5,42.5,1.05,0.32,3600
2/25/2026, 10:56:14 AM,operating,ABS-03,142000,13800,90.3,2480.2,43.1,1.04,0.31,3601
2/25/2026, 10:56:15 AM,warning,ABS-03,155000,31000,80,2600,48.2,1.12,0.45,3602
2/25/2026, 10:56:15 AM,operating,ABS-03,145000,14500,90,2500.5,42.5,1.05,0.32,3600
2/25/2026, 10:56:15 AM,operating,ABS-03,142000,13800,90.3,2480.2,43.1,1.04,0.31,3601
2/25/2026, 10:56:15 AM,warning,ABS-03,155000,31000,80,2600,48.2,1.12,0.45,3602
2/25/2026, 10:56:15 AM,operating,ABS-03,145000,14500,90,2500.5,42.5,1.05,0.32,3600
2/25/2026, 10:56:15 AM,operating,ABS-03,142000,13800,90.3,2480.2,43.1,1.04,0.31,3601
2/25/2026, 10:56:15 AM,warning,ABS-03,155000,31000,80,2600,48.2,1.12,0.45,3602
2/25/2026, 10:56:15 AM,operating,ABS-03,145000,14500,90,2500.5,42.5,1.05,0.32,3600
2/25/2026, 10:56:15 AM,operating,ABS-03,142000,13800,90.3,2480.2,43.1,1.04,0.31,3601
2/25/2026, 10:56:15 AM,warning,ABS-03,155000,31000,80,2600,48.2,1.12,0.45,3602
2/25/2026, 10:56:16 AM,operating,ABS-03,145000,14500,90,2500.5,42.5,1.05,0.32,3600
2/25/2026, 10:56:16 AM,operating,ABS-03,142000,13800,90.3,2480.2,43.1,1.04,0.31,3601
2/25/2026, 10:56:16 AM,warning,ABS-03,155000,31000,80,2600,48.2,1.12,0.45,3602
2/25/2026, 10:56:16 AM,operating,ABS-03,145000,14500,90,2500.5,42.5,1.05,0.32,3600
2/25/2026, 10:56:16 AM,operating,ABS-03,142000,13800,90.3,2480.2,43.1,1.04,0.31,3601
2/25/2026, 10:56:16 AM,warning,ABS-03,155000,31000,80,2600,48.2,1.12,0.45,3602
2/25/2026, 10:56:16 AM,operating,ABS-03,145000,14500,90,2500.5,42.5,1.05,0.32,3600
2/25/2026, 10:56:16 AM,operating,ABS-03,142000,13800,90.3,2480.2,43.1,1.04,0.31,3601
2/25/2026, 10:56:16 AM,warning,ABS-03,155000,31000,80,2600,48.2,1.12,0.45,3602
2/25/2026, 10:56:16 AM,operating,ABS-03,145000,14500,90,2500.5,42.5,1.05,0.32,3600
2/25/2026, 10:56:17 AM,operating,ABS-03,142000,13800,90.3,2480.2,43.1,1.04,0.31,3601
2/25/2026, 10:56:17 AM,warning,ABS-03,155000,31000,80,2600,48.2,1.12,0.45,3602
2/25/2026, 10:56:17 AM,operating,ABS-03,145000,14500,90,2500.5,42.5,1.05,0.32,3600
2/25/2026, 10:56:17 AM,operating,ABS-03,142000,13800,90.3,2480.2,43.1,1.04,0.31,3601
2/25/2026, 10:56:17 AM,warning,ABS-03,155000,31000,80,2600,48.2,1.12,0.45,3602
2/25/2026, 10:56:17 AM,operating,ABS-03,145000,14500,90,2500.5,42.5,1.05,0.32,3600
2/25/2026, 10:56:17 AM,operating,ABS-03,142000,13800,90.3,2480.2,43.1,1.04,0.31,3601
2/25/2026, 10:56:17 AM,warning,ABS-03,155000,31000,80,2600,48.2,1.12,0.45,3602
2/25/2026, 10:56:17 AM,operating,ABS-03,145000,14500,90,2500.5,42.5,1.05,0.32,3600
2/25/2026, 10:56:17 AM,operating,ABS-03,142000,13800,90.3,2480.2,43.1,1.04,0.31,3601
2/25/2026, 10:56:18 AM,warning,ABS-03,155000,31000,80,2600,48.2,1.12,0.45,3602
2/25/2026, 10:56:18 AM,operating,ABS-03,145000,14500,90,2500.5,42.5,1.05,0.32,3600
2/25/2026, 10:56:18 AM,operating,ABS-03,142000,13800,90.3,2480.2,43.1,1.04,0.31,3601
2/25/2026, 10:56:18 AM,warning,ABS-03,155000,31000,80,2600,48.2,1.12,0.45,3602
2/25/2026, 10:56:18 AM,operating,ABS-03,145000,14500,90,2500.5,42.5,1.05,0.32,3600
2/25/2026, 10:56:18 AM,operating,ABS-03,142000,13800,90.3,2480.2,43.1,1.04,0.31,3601
2/25/2026, 10:56:18 AM,warning,ABS-03,155000,31000,80,2600,48.2,1.12,0.45,3602
2/25/2026, 10:56:18 AM,operating,ABS-03,145000,14500,90,2500.5,42.5,1.05,0.32,3600
2/25/2026, 10:56:18 AM,operating,ABS-03,142000,13800,90.3,2480.2,43.1,1.04,0.31,3601
2/25/2026, 10:56:18 AM,warning,ABS-03,155000,31000,80,2600,48.2,1.12,0.45,3602
2/25/2026, 10:56:19 AM,operating,ABS-03,145000,14500,90,2500.5,42.5,1.05,0.32,3600
2/25/2026, 10:56:19 AM,operating,ABS-03,142000,13800,90.3,2480.2,43.1,1.04,0.31,3601
2/25/2026, 10:56:19 AM,warning,ABS-03,155000,31000,80,2600,48.2,1.12,0.45,3602
2/25/2026, 10:56:19 AM,operating,ABS-03,145000,14500,90,2500.5,42.5,1.05,0.32,3600
2/25/2026, 10:56:19 AM,operating,ABS-03,142000,13800,90.3,2480.2,43.1,1.04,0.31,3601
2/25/2026, 10:56:19 AM,warning,ABS-03,155000,31000,80,2600,48.2,1.12,0.45,3602
2/25/2026, 10:56:19 AM,operating,ABS-03,145000,14500,90,2500.5,42.5,1.05,0.32,3600
2/25/2026, 10:56:19 AM,operating,ABS-03,142000,13800,90.3,2480.2,43.1,1.04,0.31,3601
2/25/2026, 10:56:19 AM,warning,ABS-03,155000,31000,80,2600,48.2,1.12,0.45,3602
2/25/2026, 10:56:20 AM,operating,ABS-03,145000,14500,90,2500.5,42.5,1.05,0.32,3600
2/25/2026, 10:56:20 AM,operating,ABS-03,142000,13800,90.3,2480.2,43.1,1.04,0.31,3601
2/25/2026, 10:56:20 AM,warning,ABS-03,155000,31000,80,2600,48.2,1.12,0.45,3602
2/25/2026, 10:56:20 AM,operating,ABS-03,145000,14500,90,2500.5,42.5,1.05,0.32,3600
2/25/2026, 10:56:20 AM,operating,ABS-03,142000,13800,90.3,2480.2,43.1,1.04,0.31,3601
2/25/2026, 10:56:20 AM,warning,ABS-03,155000,31000,80,2600,48.2,1.12,0.45,3602
2/25/2026, 10:56:20 AM,operating,ABS-03,145000,14500,90,2500.5,42.5,1.05,0.32,3600
2/25/2026, 10:56:20 AM,operating,ABS-03,142000,13800,90.3,2480.2,43.1,1.04,0.31,3601
2/25/2026, 10:56:20 AM,warning,ABS-03,155000,31000,80,2600,48.2,1.12,0.45,3602
2/25/2026, 10:56:20 AM,operating,ABS-03,145000,14500,90,2500.5,42.5,1.05,0.32,3600
2/25/2026, 10:56:21 AM,operating,ABS-03,142000,13800,90.3,2480.2,43.1,1.04,0.31,3601
2/25/2026, 10:56:21 AM,warning,ABS-03,155000,31000,80,2600,48.2,1.12,0.45,3602
2/25/2026, 10:56:21 AM,operating,ABS-03,145000,14500,90,2500.5,42.5,1.05,0.32,3600
2/25/2026, 10:56:21 AM,operating,ABS-03,142000,13800,90.3,2480.2,43.1,1.04,0.31,3601
2/25/2026, 10:56:21 AM,warning,ABS-03,155000,31000,80,2600,48.2,1.12,0.45,3602
2/25/2026, 10:56:21 AM,operating,ABS-03,145000,14500,90,2500.5,42.5,1.05,0.32,3600
2/25/2026, 10:56:21 AM,operating,ABS-03,142000,13800,90.3,2480.2,43.1,1.04,0.31,3601
2/25/2026, 10:56:21 AM,warning,ABS-03,155000,31000,80,2600,48.2,1.12,0.45,3602
2/25/2026, 10:56:21 AM,operating,ABS-03,145000,14500,90,2500.5,42.5,1.05,0.32,3600
2/25/2026, 10:56:21 AM,operating,ABS-03,142000,13800,90.3,2480.2,43.1,1.04,0.31,3601
2/25/2026, 10:56:22 AM,warning,ABS-03,155000,31000,80,2600,48.2,1.12,0.45,3602
2/25/2026, 10:56:22 AM,operating,ABS-03,145000,14500,90,2500.5,42.5,1.05,0.32,3600
2/25/2026, 10:56:22 AM,operating,ABS-03,142000,13800,90.3,2480.2,43.1,1.04,0.31,3601
2/25/2026, 10:56:22 AM,warning,ABS-03,155000,31000,80,2600,48.2,1.12,0.45,3602
2/25/2026, 10:56:22 AM,operating,ABS-03,145000,14500,90,2500.5,42.5,1.05,0.32,3600
2/25/2026, 10:56:22 AM,operating,ABS-03,142000,13800,90.3,2480.2,43.1,1.04,0.31,3601
2/25/2026, 10:56:22 AM,warning,ABS-03,155000,31000,80,2600,48.2,1.12,0.45,3602
2/25/2026, 10:56:22 AM,operating,ABS-03,145000,14500,90,2500.5,42.5,1.05,0.32,3600
